Date,Division,Category,Headcount,Budget_IDR,Actual_IDR,Year,Month,Month_Name,Variance_IDR,Variance_Pct
2023-01-01,Manufacturing & Produksi,Basic Salary,2208,11481600000.0,11465725000.0,2023,1,Jan,-15875000.0,-0.13826470178372352
2023-01-01,Manufacturing & Produksi,Fixed Allowance,2208,1722240000.0,1744550000.0,2023,1,Jan,22310000.0,1.295405982905983
2023-01-01,Manufacturing & Produksi,Variable Allowance/Incentive,2208,574080000.0,644027000.0,2023,1,Jan,69947000.0,12.184190356744704
2023-01-01,Manufacturing & Produksi,Overtime,2208,1607424000.0,1569786000.0,2023,1,Jan,-37638000.0,-2.3415103917821307
2023-01-01,Manufacturing & Produksi,BPJS (Kesehatan & Ketenagakerjaan),2208,823920000.0,821026000.0,2023,1,Jan,-2894000.0,-0.351247693950869
2023-01-01,Manufacturing & Produksi,THR & Bonus Tahunan,2208,956800000.0,0.0,2023,1,Jan,-956800000.0,-100.0
2023-01-01,Manufacturing & Produksi,Training & Development,2208,331200000.0,655448000.0,2023,1,Jan,324248000.0,97.90096618357488
2023-01-01,Manufacturing & Produksi,Recruitment Cost,2208,10577000.0,15758000.0,2023,1,Jan,5181000.0,48.98364375531815
2023-01-01,Manufacturing & Produksi,Other Employee Benefit,2208,1214400000.0,1185894000.0,2023,1,Jan,-28506000.0,-2.3473320158102764
2023-02-01,Manufacturing & Produksi,Basic Salary,2216,11523200000.0,11469799000.0,2023,2,Feb,-53401000.0,-0.46342161899472367
2023-02-01,Manufacturing & Produksi,Fixed Allowance,2216,1728480000.0,1712380000.0,2023,2,Feb,-16100000.0,-0.9314542256780525
2023-02-01,Manufacturing & Produksi,Variable Allowance/Incentive,2216,576160000.0,587313000.0,2023,2,Feb,11153000.0,1.935747014718134
2023-02-01,Manufacturing & Produksi,Overtime,2216,1613248000.0,2369097000.0,2023,2,Feb,755849000.0,46.85262278335383
2023-02-01,Manufacturing & Produksi,BPJS (Kesehatan & Ketenagakerjaan),2216,826905000.0,837032000.0,2023,2,Feb,10127000.0,1.2246872373489095
2023-02-01,Manufacturing & Produksi,THR & Bonus Tahunan,2216,960267000.0,0.0,2023,2,Feb,-960267000.0,-100.0
2023-02-01,Manufacturing & Produksi,Training & Development,2216,332400000.0,256420000.0,2023,2,Feb,-75980000.0,-22.85800240673887
2023-02-01,Manufacturing & Produksi,Recruitment Cost,2216,10616000.0,11849000.0,2023,2,Feb,1233000.0,11.614544084400904
2023-02-01,Manufacturing & Produksi,Other Employee Benefit,2216,1218800000.0,1173558000.0,2023,2,Feb,-45242000.0,-3.7120118148999017
2023-03-01,Manufacturing & Produksi,Basic Salary,2215,11518000000.0,11271558000.0,2023,3,Mar,-246442000.0,-2.1396249348845284
2023-03-01,Manufacturing & Produksi,Fixed Allowance,2215,1727700000.0,1705949000.0,2023,3,Mar,-21751000.0,-1.2589569948486428
2023-03-01,Manufacturing & Produksi,Variable Allowance/Incentive,2215,575900000.0,603438000.0,2023,3,Mar,27538000.0,4.781732939746484
2023-03-01,Manufacturing & Produksi,Overtime,2215,1612520000.0,2831616000.0,2023,3,Mar,1219096000.0,75.60191501500756
2023-03-01,Manufacturing & Produksi,BPJS (Kesehatan & Ketenagakerjaan),2215,826532000.0,827907000.0,2023,3,Mar,1375000.0,0.16635774537464976
2023-03-01,Manufacturing & Produksi,THR & Bonus Tahunan,2215,959833000.0,0.0,2023,3,Mar,-959833000.0,-100.0
2023-03-01,Manufacturing & Produksi,Training & Development,2215,332250000.0,274887000.0,2023,3,Mar,-57363000.0,-17.265011286681716
2023-03-01,Manufacturing & Produksi,Recruitment Cost,2215,10611000.0,14509000.0,2023,3,Mar,3898000.0,36.73546319856752
2023-03-01,Manufacturing & Produksi,Other Employee Benefit,2215,1218250000.0,1181664000.0,2023,3,Mar,-36586000.0,-3.003160270880361
2023-04-01,Manufacturing & Produksi,Basic Salary,2218,11533600000.0,11464202000.0,2023,4,Apr,-69398000.0,-0.6017028508011376
2023-04-01,Manufacturing & Produksi,Fixed Allowance,2218,1730040000.0,1794130000.0,2023,4,Apr,64090000.0,3.7045386233844306
2023-04-01,Manufacturing & Produksi,Variable Allowance/Incentive,2218,576680000.0,576057000.0,2023,4,Apr,-623000.0,-0.10803218422695429
2023-04-01,Manufacturing & Produksi,Overtime,2218,1614704000.0,1443915000.0,2023,4,Apr,-170789000.0,-10.577108869489392
2023-04-01,Manufacturing & Produksi,BPJS (Kesehatan & Ketenagakerjaan),2218,827651000.0,837863000.0,2023,4,Apr,10212000.0,1.233853399560926
2023-04-01,Manufacturing & Produksi,THR & Bonus Tahunan,2218,961133000.0,11111178000.0,2023,4,Apr,10150045000.0,1056.04999516196
2023-04-01,Manufacturing & Produksi,Training & Development,2218,332700000.0,343123000.0,2023,4,Apr,10423000.0,3.1328524195972345
2023-04-01,Manufacturing & Produksi,Recruitment Cost,2218,10625000.0,6775000.0,2023,4,Apr,-3850000.0,-36.23529411764706
2023-04-01,Manufacturing & Produksi,Other Employee Benefit,2218,1219900000.0,1138887000.0,2023,4,Apr,-81013000.0,-6.64095417657185
2023-05-01,Manufacturing & Produksi,Basic Salary,2224,11564800000.0,11650202000.0,2023,5,May,85402000.0,0.7384649972329829
2023-05-01,Manufacturing & Produksi,Fixed Allowance,2224,1734720000.0,1740666000.0,2023,5,May,5946000.0,0.3427642501383509
2023-05-01,Manufacturing & Produksi,Variable Allowance/Incentive,2224,578240000.0,572890000.0,2023,5,May,-5350000.0,-0.9252213613724405
2023-05-01,Manufacturing & Produksi,Overtime,2224,1619072000.0,1570321000.0,2023,5,May,-48751000.0,-3.0110458336627404
2023-05-01,Manufacturing & Produksi,BPJS (Kesehatan & Ketenagakerjaan),2224,829890000.0,811485000.0,2023,5,May,-18405000.0,-2.2177638000216895
2023-05-01,Manufacturing & Produksi,THR & Bonus Tahunan,2224,963733000.0,0.0,2023,5,May,-963733000.0,-100.0
2023-05-01,Manufacturing & Produksi,Training & Development,2224,333600000.0,297579000.0,2023,5,May,-36021000.0,-10.797661870503598
2023-05-01,Manufacturing & Produksi,Recruitment Cost,2224,10654000.0,11784000.0,2023,5,May,1130000.0,10.606345034728742
2023-05-01,Manufacturing & Produksi,Other Employee Benefit,2224,1223200000.0,1287854000.0,2023,5,May,64654000.0,5.285644211903205
2023-06-01,Manufacturing & Produksi,Basic Salary,2230,11596000000.0,11391558000.0,2023,6,Jun,-204442000.0,-1.7630389789582614
2023-06-01,Manufacturing & Produksi,Fixed Allowance,2230,1739400000.0,1750674000.0,2023,6,Jun,11274000.0,0.6481545360469128
2023-06-01,Manufacturing & Produksi,Variable Allowance/Incentive,2230,579800000.0,561938000.0,2023,6,Jun,-17862000.0,-3.080717488789238
2023-06-01,Manufacturing & Produksi,Overtime,2230,1623440000.0,1513546000.0,2023,6,Jun,-109894000.0,-6.769206130192678
2023-06-01,Manufacturing & Produksi,BPJS (Kesehatan & Ketenagakerjaan),2230,832129000.0,839764000.0,2023,6,Jun,7635000.0,0.9175260085876108
2023-06-01,Manufacturing & Produksi,THR & Bonus Tahunan,2230,966333000.0,0.0,2023,6,Jun,-966333000.0,-100.0
2023-06-01,Manufacturing & Produksi,Training & Development,2230,334500000.0,386230000.0,2023,6,Jun,51730000.0,15.464872944693573
2023-06-01,Manufacturing & Produksi,Recruitment Cost,2230,10683000.0,16462000.0,2023,6,Jun,5779000.0,54.09529158476083
2023-06-01,Manufacturing & Produksi,Other Employee Benefit,2230,1226500000.0,1175035000.0,2023,6,Jun,-51465000.0,-4.196086424785976
2023-07-01,Manufacturing & Produksi,Basic Salary,2233,11611600000.0,11650065000.0,2023,7,Jul,38465000.0,0.3312635640221847
2023-07-01,Manufacturing & Produksi,Fixed Allowance,2233,1741740000.0,1775723000.0,2023,7,Jul,33983000.0,1.9510948821293648
2023-07-01,Manufacturing & Produksi,Variable Allowance/Incentive,2233,580580000.0,558324000.0,2023,7,Jul,-22256000.0,-3.8334079713390055
2023-07-01,Manufacturing & Produksi,Overtime,2233,1625624000.0,1595443000.0,2023,7,Jul,-30181000.0,-1.8565793812099232
2023-07-01,Manufacturing & Produksi,BPJS (Kesehatan & Ketenagakerjaan),2233,833248000.0,819421000.0,2023,7,Jul,-13827000.0,-1.6594099235761741
2023-07-01,Manufacturing & Produksi,THR & Bonus Tahunan,2233,967633000.0,0.0,2023,7,Jul,-967633000.0,-100.0
2023-07-01,Manufacturing & Produksi,Training & Development,2233,334950000.0,439759000.0,2023,7,Jul,104809000.0,31.290938946111357
2023-07-01,Manufacturing & Produksi,Recruitment Cost,2233,10697000.0,16087000.0,2023,7,Jul,5390000.0,50.387959240908664
2023-07-01,Manufacturing & Produksi,Other Employee Benefit,2233,1228150000.0,1311433000.0,2023,7,Jul,83283000.0,6.7811749379147495
2023-08-01,Manufacturing & Produksi,Basic Salary,2237,11632400000.0,11749135000.0,2023,8,Aug,116735000.0,1.0035332347580896
2023-08-01,Manufacturing & Produksi,Fixed Allowance,2237,1744860000.0,1757480000.0,2023,8,Aug,12620000.0,0.7232671962220464
2023-08-01,Manufacturing & Produksi,Variable Allowance/Incentive,2237,581620000.0,551603000.0,2023,8,Aug,-30017000.0,-5.16092981671882
2023-08-01,Manufacturing & Produksi,Overtime,2237,1628536000.0,1687391000.0,2023,8,Aug,58855000.0,3.613982128734029
2023-08-01,Manufacturing & Produksi,BPJS (Kesehatan & Ketenagakerjaan),2237,834741000.0,853999000.0,2023,8,Aug,19258000.0,2.3070629093335535
2023-08-01,Manufacturing & Produksi,THR & Bonus Tahunan,2237,969367000.0,0.0,2023,8,Aug,-969367000.0,-100.0
2023-08-01,Manufacturing & Produksi,Training & Development,2237,335550000.0,333747000.0,2023,8,Aug,-1803000.0,-0.5373267769333929
2023-08-01,Manufacturing & Produksi,Recruitment Cost,2237,10716000.0,18635000.0,2023,8,Aug,7919000.0,73.89884285181037
2023-08-01,Manufacturing & Produksi,Other Employee Benefit,2237,1230350000.0,1069190000.0,2023,8,Aug,-161160000.0,-13.098711748689398
2023-09-01,Manufacturing & Produksi,Basic Salary,2247,11684400000.0,11694571000.0,2023,9,Sep,10171000.0,0.08704768751497724
2023-09-01,Manufacturing & Produksi,Fixed Allowance,2247,1752660000.0,1742179000.0,2023,9,Sep,-10481000.0,-0.5980053176314859
2023-09-01,Manufacturing & Produksi,Variable Allowance/Incentive,2247,584220000.0,588509000.0,2023,9,Sep,4289000.0,0.7341412481599398
2023-09-01,Manufacturing & Produksi,Overtime,2247,1635816000.0,1310686000.0,2023,9,Sep,-325130000.0,-19.8757072922627
2023-09-01,Manufacturing & Produksi,BPJS (Kesehatan & Ketenagakerjaan),2247,838473000.0,835710000.0,2023,9,Sep,-2763000.0,-0.32952760554007104
2023-09-01,Manufacturing & Produksi,THR & Bonus Tahunan,2247,973700000.0,0.0,2023,9,Sep,-973700000.0,-100.0
2023-09-01,Manufacturing & Produksi,Training & Development,2247,337050000.0,355105000.0,2023,9,Sep,18055000.0,5.356771992286011
2023-09-01,Manufacturing & Produksi,Recruitment Cost,2247,10764000.0,18426000.0,2023,9,Sep,7662000.0,71.18171683389075
2023-09-01,Manufacturing & Produksi,Other Employee Benefit,2247,1235850000.0,1203825000.0,2023,9,Sep,-32025000.0,-2.5913338997451145
2023-10-01,Manufacturing & Produksi,Basic Salary,2246,11679200000.0,11620599000.0,2023,10,Oct,-58601000.0,-0.5017552572093978
2023-10-01,Manufacturing & Produksi,Fixed Allowance,2246,1751880000.0,1783953000.0,2023,10,Oct,32073000.0,1.8307760805534625
2023-10-01,Manufacturing & Produksi,Variable Allowance/Incentive,2246,583960000.0,599318000.0,2023,10,Oct,15358000.0,2.629974655798342
2023-10-01,Manufacturing & Produksi,Overtime,2246,1635088000.0,1548468000.0,2023,10,Oct,-86620000.0,-5.297574197841339
2023-10-01,Manufacturing & Produksi,BPJS (Kesehatan & Ketenagakerjaan),2246,838099000.0,844552000.0,2023,10,Oct,6453000.0,0.7699567712167655
2023-10-01,Manufacturing & Produksi,THR & Bonus Tahunan,2246,973267000.0,0.0,2023,10,Oct,-973267000.0,-100.0
2023-10-01,Manufacturing & Produksi,Training & Development,2246,336900000.0,341806000.0,2023,10,Oct,4906000.0,1.456218462451766
2023-10-01,Manufacturing & Produksi,Recruitment Cost,2246,10759000.0,16706000.0,2023,10,Oct,5947000.0,55.27465377823218
2023-10-01,Manufacturing & Produksi,Other Employee Benefit,2246,1235300000.0,1191938000.0,2023,10,Oct,-43362000.0,-3.5102404274265355
2023-11-01,Manufacturing & Produksi,Basic Salary,2248,11689600000.0,11643764000.0,2023,11,Nov,-45836000.0,-0.39210922529427866
2023-11-01,Manufacturing & Produksi,Fixed Allowance,2248,1753440000.0,1702116000.0,2023,11,Nov,-51324000.0,-2.9270462633451957
2023-11-01,Manufacturing & Produksi,Variable Allowance/Incentive,2248,584480000.0,598326000.0,2023,11,Nov,13846000.0,2.368943334245825
2023-11-01,Manufacturing & Produksi,Overtime,2248,1636544000.0,2186549000.0,2023,11,Nov,550005000.0,33.60771234992765
2023-11-01,Manufacturing & Produksi,BPJS (Kesehatan & Ketenagakerjaan),2248,838846000.0,805436000.0,2023,11,Nov,-33410000.0,-3.982852633260455
2023-11-01,Manufacturing & Produksi,THR & Bonus Tahunan,2248,974133000.0,0.0,2023,11,Nov,-974133000.0,-100.0
2023-11-01,Manufacturing & Produksi,Training & Development,2248,337200000.0,354676000.0,2023,11,Nov,17476000.0,5.182680901542112
2023-11-01,Manufacturing & Produksi,Recruitment Cost,2248,10769000.0,12130000.0,2023,11,Nov,1361000.0,12.638127959884853
2023-11-01,Manufacturing & Produksi,Other Employee Benefit,2248,1236400000.0,1218526000.0,2023,11,Nov,-17874000.0,-1.4456486573924296
2023-12-01,Manufacturing & Produksi,Basic Salary,2256,11731200000.0,11711719000.0,2023,12,Dec,-19481000.0,-0.1660614429896345
2023-12-01,Manufacturing & Produksi,Fixed Allowance,2256,1759680000.0,1767244000.0,2023,12,Dec,7564000.0,0.42985088197854154
2023-12-01,Manufacturing & Produksi,Variable Allowance/Incentive,2256,586560000.0,491663000.0,2023,12,Dec,-94897000.0,-16.178566557555918
2023-12-01,Manufacturing & Produksi,Overtime,2256,1642368000.0,2545373000.0,2023,12,Dec,903005000.0,54.98189199984412
2023-12-01,Manufacturing & Produksi,BPJS (Kesehatan & Ketenagakerjaan),2256,841831000.0,840891000.0,2023,12,Dec,-940000.0,-0.11166136671137081
2023-12-01,Manufacturing & Produksi,THR & Bonus Tahunan,2256,977600000.0,5777492000.0,2023,12,Dec,4799892000.0,490.9873158756137
2023-12-01,Manufacturing & Produksi,Training & Development,2256,338400000.0,337458000.0,2023,12,Dec,-942000.0,-0.2783687943262411
2023-12-01,Manufacturing & Produksi,Recruitment Cost,2256,10807000.0,7857000.0,2023,12,Dec,-2950000.0,-27.297122235588045
2023-12-01,Manufacturing & Produksi,Other Employee Benefit,2256,1240800000.0,1174260000.0,2023,12,Dec,-66540000.0,-5.362669245647969
2024-01-01,Manufacturing & Produksi,Basic Salary,2253,12242802000.0,12255332000.0,2024,1,Jan,12530000.0,0.1023458518727984
2024-01-01,Manufacturing & Produksi,Fixed Allowance,2253,1836420000.0,1820531000.0,2024,1,Jan,-15889000.0,-0.8652160181222162
2024-01-01,Manufacturing & Produksi,Variable Allowance/Incentive,2253,612140000.0,579859000.0,2024,1,Jan,-32281000.0,-5.2734668539876495
2024-01-01,Manufacturing & Produksi,Overtime,2253,1713992000.0,1714667000.0,2024,1,Jan,675000.0,0.03938174740605557
2024-01-01,Manufacturing & Produksi,BPJS (Kesehatan & Ketenagakerjaan),2253,878543000.0,884839000.0,2024,1,Jan,6296000.0,0.7166410750526725
2024-01-01,Manufacturing & Produksi,THR & Bonus Tahunan,2253,1020234000.0,0.0,2024,1,Jan,-1020234000.0,-100.0
2024-01-01,Manufacturing & Produksi,Training & Development,2253,337950000.0,519711000.0,2024,1,Jan,181761000.0,53.783399911229466
2024-01-01,Manufacturing & Produksi,Recruitment Cost,2253,10793000.0,11553000.0,2024,1,Jan,760000.0,7.041601037709627
2024-01-01,Manufacturing & Produksi,Other Employee Benefit,2253,1239150000.0,1213035000.0,2024,1,Jan,-26115000.0,-2.1074930395835856
2024-02-01,Manufacturing & Produksi,Basic Salary,2260,12280840000.0,12279934000.0,2024,2,Feb,-906000.0,-0.007377345523596105
2024-02-01,Manufacturing & Produksi,Fixed Allowance,2260,1842126000.0,1870395000.0,2024,2,Feb,28269000.0,1.534585582093733
2024-02-01,Manufacturing & Produksi,Variable Allowance/Incentive,2260,614042000.0,557560000.0,2024,2,Feb,-56482000.0,-9.198393595226385
2024-02-01,Manufacturing & Produksi,Overtime,2260,1719318000.0,3675038000.0,2024,2,Feb,1955720000.0,113.74975426302755
2024-02-01,Manufacturing & Produksi,BPJS (Kesehatan & Ketenagakerjaan),2260,881273000.0,869252000.0,2024,2,Feb,-12021000.0,-1.364049505658292
2024-02-01,Manufacturing & Produksi,THR & Bonus Tahunan,2260,1023403000.0,0.0,2024,2,Feb,-1023403000.0,-100.0
2024-02-01,Manufacturing & Produksi,Training & Development,2260,339000000.0,410332000.0,2024,2,Feb,71332000.0,21.04188790560472
2024-02-01,Manufacturing & Produksi,Recruitment Cost,2260,10826000.0,8790000.0,2024,2,Feb,-2036000.0,-18.80657675965269
2024-02-01,Manufacturing & Produksi,Other Employee Benefit,2260,1243000000.0,1279473000.0,2024,2,Feb,36473000.0,2.934271922767498
2024-03-01,Manufacturing & Produksi,Basic Salary,2280,12389520000.0,12266797000.0,2024,3,Mar,-122723000.0,-0.9905387779348999
2024-03-01,Manufacturing & Produksi,Fixed Allowance,2280,1858428000.0,1837380000.0,2024,3,Mar,-21048000.0,-1.1325701076393597
2024-03-01,Manufacturing & Produksi,Variable Allowance/Incentive,2280,619476000.0,624415000.0,2024,3,Mar,4939000.0,0.797286739114994
2024-03-01,Manufacturing & Produksi,Overtime,2280,1734533000.0,3193568000.0,2024,3,Mar,1459035000.0,84.116877568775
2024-03-01,Manufacturing & Produksi,BPJS (Kesehatan & Ketenagakerjaan),2280,889072000.0,889194000.0,2024,3,Mar,122000.0,0.013722173232314143
2024-03-01,Manufacturing & Produksi,THR & Bonus Tahunan,2280,1032460000.0,0.0,2024,3,Mar,-1032460000.0,-100.0
2024-03-01,Manufacturing & Produksi,Training & Development,2280,342000000.0,323248000.0,2024,3,Mar,-18752000.0,-5.4830409356725145
2024-03-01,Manufacturing & Produksi,Recruitment Cost,2280,10922000.0,15868000.0,2024,3,Mar,4946000.0,45.284746383446254
2024-03-01,Manufacturing & Produksi,Other Employee Benefit,2280,1254000000.0,1177326000.0,2024,3,Mar,-76674000.0,-6.114354066985646
2024-04-01,Manufacturing & Produksi,Basic Salary,2288,12432992000.0,12319269000.0,2024,4,Apr,-113723000.0,-0.9146873093781449
2024-04-01,Manufacturing & Produksi,Fixed Allowance,2288,1864949000.0,1888095000.0,2024,4,Apr,23146000.0,1.241106325159562
2024-04-01,Manufacturing & Produksi,Variable Allowance/Incentive,2288,621650000.0,613646000.0,2024,4,Apr,-8004000.0,-1.2875412209442612
2024-04-01,Manufacturing & Produksi,Overtime,2288,1740619000.0,1673037000.0,2024,4,Apr,-67582000.0,-3.882641749860251
2024-04-01,Manufacturing & Produksi,BPJS (Kesehatan & Ketenagakerjaan),2288,892192000.0,880341000.0,2024,4,Apr,-11851000.0,-1.3283015315089128
2024-04-01,Manufacturing & Produksi,THR & Bonus Tahunan,2288,1036083000.0,12299930000.0,2024,4,Apr,11263847000.0,1087.1568204477826
2024-04-01,Manufacturing & Produksi,Training & Development,2288,343200000.0,371829000.0,2024,4,Apr,28629000.0,8.341783216783217
2024-04-01,Manufacturing & Produksi,Recruitment Cost,2288,10960000.0,17276000.0,2024,4,Apr,6316000.0,57.627737226277375
2024-04-01,Manufacturing & Produksi,Other Employee Benefit,2288,1258400000.0,1291524000.0,2024,4,Apr,33124000.0,2.6322314049586777
2024-05-01,Manufacturing & Produksi,Basic Salary,2302,12509068000.0,12826694000.0,2024,5,May,317626000.0,2.539165987426082
2024-05-01,Manufacturing & Produksi,Fixed Allowance,2302,1876360000.0,1864183000.0,2024,5,May,-12177000.0,-0.6489692809482189
2024-05-01,Manufacturing & Produksi,Variable Allowance/Incentive,2302,625453000.0,615153000.0,2024,5,May,-10300000.0,-1.6468063947251033
2024-05-01,Manufacturing & Produksi,Overtime,2302,1751270000.0,1499079000.0,2024,5,May,-252191000.0,-14.400463663512763
2024-05-01,Manufacturing & Produksi,BPJS (Kesehatan & Ketenagakerjaan),2302,897651000.0,913684000.0,2024,5,May,16033000.0,1.7861061815783639
2024-05-01,Manufacturing & Produksi,THR & Bonus Tahunan,2302,1042422000.0,0.0,2024,5,May,-1042422000.0,-100.0
2024-05-01,Manufacturing & Produksi,Training & Development,2302,345300000.0,412602000.0,2024,5,May,67302000.0,19.490877497827977
2024-05-01,Manufacturing & Produksi,Recruitment Cost,2302,11028000.0,10796000.0,2024,5,May,-232000.0,-2.10373594486761
2024-05-01,Manufacturing & Produksi,Other Employee Benefit,2302,1266100000.0,1305200000.0,2024,5,May,39100000.0,3.0882236790142956
2024-06-01,Manufacturing & Produksi,Basic Salary,2315,12579710000.0,12608176000.0,2024,6,Jun,28466000.0,0.226285025648445
2024-06-01,Manufacturing & Produksi,Fixed Allowance,2315,1886956000.0,1918937000.0,2024,6,Jun,31981000.0,1.6948460907408547
2024-06-01,Manufacturing & Produksi,Variable Allowance/Incentive,2315,628986000.0,637783000.0,2024,6,Jun,8797000.0,1.3986002868108351
2024-06-01,Manufacturing & Produksi,Overtime,2315,1761159000.0,1546852000.0,2024,6,Jun,-214307000.0,-12.168520843376436
2024-06-01,Manufacturing & Produksi,BPJS (Kesehatan & Ketenagakerjaan),2315,902720000.0,916929000.0,2024,6,Jun,14209000.0,1.5740207373271888
2024-06-01,Manufacturing & Produksi,THR & Bonus Tahunan,2315,1048309000.0,0.0,2024,6,Jun,-1048309000.0,-100.0
2024-06-01,Manufacturing & Produksi,Training & Development,2315,347250000.0,416271000.0,2024,6,Jun,69021000.0,19.87645788336933
2024-06-01,Manufacturing & Produksi,Recruitment Cost,2315,11090000.0,16408000.0,2024,6,Jun,5318000.0,47.95311091073039
2024-06-01,Manufacturing & Produksi,Other Employee Benefit,2315,1273250000.0,1212484000.0,2024,6,Jun,-60766000.0,-4.77251129000589
2024-07-01,Manufacturing & Produksi,Basic Salary,2314,12574276000.0,12432133000.0,2024,7,Jul,-142143000.0,-1.130426912849694
2024-07-01,Manufacturing & Produksi,Fixed Allowance,2314,1886141000.0,1915187000.0,2024,7,Jul,29046000.0,1.5399697053401626
2024-07-01,Manufacturing & Produksi,Variable Allowance/Incentive,2314,628714000.0,692510000.0,2024,7,Jul,63796000.0,10.14706209818773
2024-07-01,Manufacturing & Produksi,Overtime,2314,1760399000.0,1835125000.0,2024,7,Jul,74726000.0,4.2448331315798296
2024-07-01,Manufacturing & Produksi,BPJS (Kesehatan & Ketenagakerjaan),2314,902330000.0,915060000.0,2024,7,Jul,12730000.0,1.4107920605543425
2024-07-01,Manufacturing & Produksi,THR & Bonus Tahunan,2314,1047856000.0,0.0,2024,7,Jul,-1047856000.0,-100.0
2024-07-01,Manufacturing & Produksi,Training & Development,2314,347100000.0,483082000.0,2024,7,Jul,135982000.0,39.17660616537021
2024-07-01,Manufacturing & Produksi,Recruitment Cost,2314,11085000.0,14362000.0,2024,7,Jul,3277000.0,29.562471808750562
2024-07-01,Manufacturing & Produksi,Other Employee Benefit,2314,1272700000.0,1185528000.0,2024,7,Jul,-87172000.0,-6.849375343757366
2024-08-01,Manufacturing & Produksi,Basic Salary,2313,12568842000.0,12679281000.0,2024,8,Aug,110439000.0,0.8786728323898096
2024-08-01,Manufacturing & Produksi,Fixed Allowance,2313,1885326000.0,1876292000.0,2024,8,Aug,-9034000.0,-0.4791744239457791
2024-08-01,Manufacturing & Produksi,Variable Allowance/Incentive,2313,628442000.0,689244000.0,2024,8,Aug,60802000.0,9.675037632748925
2024-08-01,Manufacturing & Produksi,Overtime,2313,1759638000.0,1854299000.0,2024,8,Aug,94661000.0,5.379572389320985
2024-08-01,Manufacturing & Produksi,BPJS (Kesehatan & Ketenagakerjaan),2313,901940000.0,938934000.0,2024,8,Aug,36994000.0,4.101603210856598
2024-08-01,Manufacturing & Produksi,THR & Bonus Tahunan,2313,1047404000.0,0.0,2024,8,Aug,-1047404000.0,-100.0
2024-08-01,Manufacturing & Produksi,Training & Development,2313,346950000.0,351830000.0,2024,8,Aug,4880000.0,1.4065427294999278
2024-08-01,Manufacturing & Produksi,Recruitment Cost,2313,11080000.0,8981000.0,2024,8,Aug,-2099000.0,-18.944043321299638
2024-08-01,Manufacturing & Produksi,Other Employee Benefit,2313,1272150000.0,1269954000.0,2024,8,Aug,-2196000.0,-0.17262115316590024
2024-09-01,Manufacturing & Produksi,Basic Salary,2311,12557974000.0,12680688000.0,2024,9,Sep,122714000.0,0.9771799177160265
2024-09-01,Manufacturing & Produksi,Fixed Allowance,2311,1883696000.0,1885278000.0,2024,9,Sep,1582000.0,0.08398382753905088
2024-09-01,Manufacturing & Produksi,Variable Allowance/Incentive,2311,627899000.0,621003000.0,2024,9,Sep,-6896000.0,-1.0982658038952124
2024-09-01,Manufacturing & Produksi,Overtime,2311,1758116000.0,1736292000.0,2024,9,Sep,-21824000.0,-1.2413287860414215
2024-09-01,Manufacturing & Produksi,BPJS (Kesehatan & Ketenagakerjaan),2311,901160000.0,911168000.0,2024,9,Sep,10008000.0,1.1105686004705047
2024-09-01,Manufacturing & Produksi,THR & Bonus Tahunan,2311,1046498000.0,0.0,2024,9,Sep,-1046498000.0,-100.0
2024-09-01,Manufacturing & Produksi,Training & Development,2311,346650000.0,323123000.0,2024,9,Sep,-23527000.0,-6.7869609115822875
2024-09-01,Manufacturing & Produksi,Recruitment Cost,2311,11071000.0,16527000.0,2024,9,Sep,5456000.0,49.281907686749165
2024-09-01,Manufacturing & Produksi,Other Employee Benefit,2311,1271050000.0,1337499000.0,2024,9,Sep,66449000.0,5.227882459383974
2024-10-01,Manufacturing & Produksi,Basic Salary,2314,12574276000.0,12457832000.0,2024,10,Oct,-116444000.0,-0.9260493407334147
2024-10-01,Manufacturing & Produksi,Fixed Allowance,2314,1886141000.0,1866791000.0,2024,10,Oct,-19350000.0,-1.02590421394795
2024-10-01,Manufacturing & Produksi,Variable Allowance/Incentive,2314,628714000.0,664430000.0,2024,10,Oct,35716000.0,5.680802399819314
2024-10-01,Manufacturing & Produksi,Overtime,2314,1760399000.0,1776679000.0,2024,10,Oct,16280000.0,0.9247903458250091
2024-10-01,Manufacturing & Produksi,BPJS (Kesehatan & Ketenagakerjaan),2314,902330000.0,910858000.0,2024,10,Oct,8528000.0,0.9451087739518801
2024-10-01,Manufacturing & Produksi,THR & Bonus Tahunan,2314,1047856000.0,0.0,2024,10,Oct,-1047856000.0,-100.0
2024-10-01,Manufacturing & Produksi,Training & Development,2314,347100000.0,438887000.0,2024,10,Oct,91787000.0,26.443964275424946
2024-10-01,Manufacturing & Produksi,Recruitment Cost,2314,11085000.0,14656000.0,2024,10,Oct,3571000.0,32.21470455570591
2024-10-01,Manufacturing & Produksi,Other Employee Benefit,2314,1272700000.0,1221223000.0,2024,10,Oct,-51477000.0,-4.044708100887876
2024-11-01,Manufacturing & Produksi,Basic Salary,2326,12639484000.0,12645976000.0,2024,11,Nov,6492000.0,0.051362856268499575
2024-11-01,Manufacturing & Produksi,Fixed Allowance,2326,1895923000.0,1929004000.0,2024,11,Nov,33081000.0,1.7448493425102178
2024-11-01,Manufacturing & Produksi,Variable Allowance/Incentive,2326,631974000.0,685879000.0,2024,11,Nov,53905000.0,8.529623054112985
2024-11-01,Manufacturing & Produksi,Overtime,2326,1769528000.0,2305012000.0,2024,11,Nov,535484000.0,30.26140304081088
2024-11-01,Manufacturing & Produksi,BPJS (Kesehatan & Ketenagakerjaan),2326,907009000.0,894250000.0,2024,11,Nov,-12759000.0,-1.4067115100291177
2024-11-01,Manufacturing & Produksi,THR & Bonus Tahunan,2326,1053290000.0,0.0,2024,11,Nov,-1053290000.0,-100.0
2024-11-01,Manufacturing & Produksi,Training & Development,2326,348900000.0,375854000.0,2024,11,Nov,26954000.0,7.725422757237031
2024-11-01,Manufacturing & Produksi,Recruitment Cost,2326,11143000.0,15717000.0,2024,11,Nov,4574000.0,41.04819168985013
2024-11-01,Manufacturing & Produksi,Other Employee Benefit,2326,1279300000.0,1312245000.0,2024,11,Nov,32945000.0,2.5752364574376614
2024-12-01,Manufacturing & Produksi,Basic Salary,2357,12807938000.0,12881057000.0,2024,12,Dec,73119000.0,0.5708881476471857
2024-12-01,Manufacturing & Produksi,Fixed Allowance,2357,1921191000.0,1964823000.0,2024,12,Dec,43632000.0,2.271091213731482
2024-12-01,Manufacturing & Produksi,Variable Allowance/Incentive,2357,640397000.0,689272000.0,2024,12,Dec,48875000.0,7.631984534593385
2024-12-01,Manufacturing & Produksi,Overtime,2357,1793111000.0,2992837000.0,2024,12,Dec,1199726000.0,66.90751437027602
2024-12-01,Manufacturing & Produksi,BPJS (Kesehatan & Ketenagakerjaan),2357,919098000.0,903208000.0,2024,12,Dec,-15890000.0,-1.72886895630281
2024-12-01,Manufacturing & Produksi,THR & Bonus Tahunan,2357,1067328000.0,4083124000.0,2024,12,Dec,3015796000.0,282.5556904719074
2024-12-01,Manufacturing & Produksi,Training & Development,2357,353550000.0,273961000.0,2024,12,Dec,-79589000.0,-22.511384528355254
2024-12-01,Manufacturing & Produksi,Recruitment Cost,2357,11291000.0,12401000.0,2024,12,Dec,1110000.0,9.830838721105305
2024-12-01,Manufacturing & Produksi,Other Employee Benefit,2357,1296350000.0,1301657000.0,2024,12,Dec,5307000.0,0.4093801828209974
2023-01-01,Supply Chain & Logistics,Basic Salary,455,2957500000.0,2902276000.0,2023,1,Jan,-55224000.0,-1.8672527472527474
2023-01-01,Supply Chain & Logistics,Fixed Allowance,455,443625000.0,449714000.0,2023,1,Jan,6089000.0,1.3725556494787265
2023-01-01,Supply Chain & Logistics,Variable Allowance/Incentive,455,177450000.0,154556000.0,2023,1,Jan,-22894000.0,-12.901662440123978
2023-01-01,Supply Chain & Logistics,Overtime,455,295750000.0,281793000.0,2023,1,Jan,-13957000.0,-4.719188503803888
2023-01-01,Supply Chain & Logistics,BPJS (Kesehatan & Ketenagakerjaan),455,212230000.0,215697000.0,2023,1,Jan,3467000.0,1.6336050511237807
2023-01-01,Supply Chain & Logistics,THR & Bonus Tahunan,455,246458000.0,0.0,2023,1,Jan,-246458000.0,-100.0
2023-01-01,Supply Chain & Logistics,Training & Development,455,68250000.0,110253000.0,2023,1,Jan,42003000.0,61.542857142857144
2023-01-01,Supply Chain & Logistics,Recruitment Cost,455,4064000.0,3711000.0,2023,1,Jan,-353000.0,-8.686023622047244
2023-01-01,Supply Chain & Logistics,Other Employee Benefit,455,250250000.0,241300000.0,2023,1,Jan,-8950000.0,-3.5764235764235766
2023-02-01,Supply Chain & Logistics,Basic Salary,457,2970500000.0,2948804000.0,2023,2,Feb,-21696000.0,-0.7303820905571453
2023-02-01,Supply Chain & Logistics,Fixed Allowance,457,445575000.0,447504000.0,2023,2,Feb,1929000.0,0.4329237502104023
2023-02-01,Supply Chain & Logistics,Variable Allowance/Incentive,457,178230000.0,178880000.0,2023,2,Feb,650000.0,0.36469730123997085
2023-02-01,Supply Chain & Logistics,Overtime,457,297050000.0,519376000.0,2023,2,Feb,222326000.0,74.84463894967178
2023-02-01,Supply Chain & Logistics,BPJS (Kesehatan & Ketenagakerjaan),457,213163000.0,217523000.0,2023,2,Feb,4360000.0,2.045383110577352
2023-02-01,Supply Chain & Logistics,THR & Bonus Tahunan,457,247542000.0,0.0,2023,2,Feb,-247542000.0,-100.0
2023-02-01,Supply Chain & Logistics,Training & Development,457,68550000.0,77072000.0,2023,2,Feb,8522000.0,12.431801604668125
2023-02-01,Supply Chain & Logistics,Recruitment Cost,457,4082000.0,5121000.0,2023,2,Feb,1039000.0,25.453209211170996
2023-02-01,Supply Chain & Logistics,Other Employee Benefit,457,251350000.0,256906000.0,2023,2,Feb,5556000.0,2.2104634971155757
2023-03-01,Supply Chain & Logistics,Basic Salary,460,2990000000.0,2971206000.0,2023,3,Mar,-18794000.0,-0.628561872909699
2023-03-01,Supply Chain & Logistics,Fixed Allowance,460,448500000.0,444513000.0,2023,3,Mar,-3987000.0,-0.8889632107023411
2023-03-01,Supply Chain & Logistics,Variable Allowance/Incentive,460,179400000.0,155445000.0,2023,3,Mar,-23955000.0,-13.352842809364548
2023-03-01,Supply Chain & Logistics,Overtime,460,299000000.0,514880000.0,2023,3,Mar,215880000.0,72.20066889632108
2023-03-01,Supply Chain & Logistics,BPJS (Kesehatan & Ketenagakerjaan),460,214562000.0,217349000.0,2023,3,Mar,2787000.0,1.2989252523746049
2023-03-01,Supply Chain & Logistics,THR & Bonus Tahunan,460,249167000.0,0.0,2023,3,Mar,-249167000.0,-100.0
2023-03-01,Supply Chain & Logistics,Training & Development,460,69000000.0,56577000.0,2023,3,Mar,-12423000.0,-18.004347826086956
2023-03-01,Supply Chain & Logistics,Recruitment Cost,460,4108000.0,4706000.0,2023,3,Mar,598000.0,14.556962025316455
2023-03-01,Supply Chain & Logistics,Other Employee Benefit,460,253000000.0,246992000.0,2023,3,Mar,-6008000.0,-2.374703557312253
2023-04-01,Supply Chain & Logistics,Basic Salary,460,2990000000.0,3042787000.0,2023,4,Apr,52787000.0,1.7654515050167223
2023-04-01,Supply Chain & Logistics,Fixed Allowance,460,448500000.0,452133000.0,2023,4,Apr,3633000.0,0.8100334448160535
2023-04-01,Supply Chain & Logistics,Variable Allowance/Incentive,460,179400000.0,161304000.0,2023,4,Apr,-18096000.0,-10.08695652173913
2023-04-01,Supply Chain & Logistics,Overtime,460,299000000.0,326444000.0,2023,4,Apr,27444000.0,9.178595317725753
2023-04-01,Supply Chain & Logistics,BPJS (Kesehatan & Ketenagakerjaan),460,214562000.0,221392000.0,2023,4,Apr,6830000.0,3.1832290899600117
2023-04-01,Supply Chain & Logistics,THR & Bonus Tahunan,460,249167000.0,3082612000.0,2023,4,Apr,2833445000.0,1137.16704057921
2023-04-01,Supply Chain & Logistics,Training & Development,460,69000000.0,53275000.0,2023,4,Apr,-15725000.0,-22.78985507246377
2023-04-01,Supply Chain & Logistics,Recruitment Cost,460,4108000.0,4514000.0,2023,4,Apr,406000.0,9.88315481986368
2023-04-01,Supply Chain & Logistics,Other Employee Benefit,460,253000000.0,269026000.0,2023,4,Apr,16026000.0,6.3343873517786555
2023-05-01,Supply Chain & Logistics,Basic Salary,461,2996500000.0,3009799000.0,2023,5,May,13299000.0,0.4438177874186551
2023-05-01,Supply Chain & Logistics,Fixed Allowance,461,449475000.0,456439000.0,2023,5,May,6964000.0,1.54936314589243
2023-05-01,Supply Chain & Logistics,Variable Allowance/Incentive,461,179790000.0,166458000.0,2023,5,May,-13332000.0,-7.415317870849323
2023-05-01,Supply Chain & Logistics,Overtime,461,299650000.0,297866000.0,2023,5,May,-1784000.0,-0.5953612547972634
2023-05-01,Supply Chain & Logistics,BPJS (Kesehatan & Ketenagakerjaan),461,215029000.0,204574000.0,2023,5,May,-10455000.0,-4.862134874830836
2023-05-01,Supply Chain & Logistics,THR & Bonus Tahunan,461,249708000.0,0.0,2023,5,May,-249708000.0,-100.0
2023-05-01,Supply Chain & Logistics,Training & Development,461,69150000.0,58525000.0,2023,5,May,-10625000.0,-15.365148228488792
2023-05-01,Supply Chain & Logistics,Recruitment Cost,461,4117000.0,4822000.0,2023,5,May,705000.0,17.124119504493564
2023-05-01,Supply Chain & Logistics,Other Employee Benefit,461,253550000.0,237731000.0,2023,5,May,-15819000.0,-6.239006113192664
2023-06-01,Supply Chain & Logistics,Basic Salary,465,3022500000.0,2979274000.0,2023,6,Jun,-43226000.0,-1.430140612076096
2023-06-01,Supply Chain & Logistics,Fixed Allowance,465,453375000.0,449385000.0,2023,6,Jun,-3990000.0,-0.880066170388751
2023-06-01,Supply Chain & Logistics,Variable Allowance/Incentive,465,181350000.0,183247000.0,2023,6,Jun,1897000.0,1.0460435621725943
2023-06-01,Supply Chain & Logistics,Overtime,465,302250000.0,345812000.0,2023,6,Jun,43562000.0,14.412572373862698
2023-06-01,Supply Chain & Logistics,BPJS (Kesehatan & Ketenagakerjaan),465,216895000.0,212223000.0,2023,6,Jun,-4672000.0,-2.1540376679960347
2023-06-01,Supply Chain & Logistics,THR & Bonus Tahunan,465,251875000.0,0.0,2023,6,Jun,-251875000.0,-100.0
2023-06-01,Supply Chain & Logistics,Training & Development,465,69750000.0,81920000.0,2023,6,Jun,12170000.0,17.448028673835125
2023-06-01,Supply Chain & Logistics,Recruitment Cost,465,4153000.0,5205000.0,2023,6,Jun,1052000.0,25.331085961955214
2023-06-01,Supply Chain & Logistics,Other Employee Benefit,465,255750000.0,243199000.0,2023,6,Jun,-12551000.0,-4.90752688172043
2023-07-01,Supply Chain & Logistics,Basic Salary,467,3035500000.0,3041542000.0,2023,7,Jul,6042000.0,0.1990446384450667
2023-07-01,Supply Chain & Logistics,Fixed Allowance,467,455325000.0,449859000.0,2023,7,Jul,-5466000.0,-1.2004612090265196
2023-07-01,Supply Chain & Logistics,Variable Allowance/Incentive,467,182130000.0,183147000.0,2023,7,Jul,1017000.0,0.5583923571075605
2023-07-01,Supply Chain & Logistics,Overtime,467,303550000.0,291854000.0,2023,7,Jul,-11696000.0,-3.853071981551639
2023-07-01,Supply Chain & Logistics,BPJS (Kesehatan & Ketenagakerjaan),467,217827000.0,218198000.0,2023,7,Jul,371000.0,0.17031864736694716
2023-07-01,Supply Chain & Logistics,THR & Bonus Tahunan,467,252958000.0,0.0,2023,7,Jul,-252958000.0,-100.0
2023-07-01,Supply Chain & Logistics,Training & Development,467,70050000.0,123212000.0,2023,7,Jul,53162000.0,75.89150606709492
2023-07-01,Supply Chain & Logistics,Recruitment Cost,467,4171000.0,7281000.0,2023,7,Jul,3110000.0,74.56245504675138
2023-07-01,Supply Chain & Logistics,Other Employee Benefit,467,256850000.0,240953000.0,2023,7,Jul,-15897000.0,-6.189215495425345
2023-08-01,Supply Chain & Logistics,Basic Salary,471,3061500000.0,3001737000.0,2023,8,Aug,-59763000.0,-1.9520823125918667
2023-08-01,Supply Chain & Logistics,Fixed Allowance,471,459225000.0,457831000.0,2023,8,Aug,-1394000.0,-0.30355490228101695
2023-08-01,Supply Chain & Logistics,Variable Allowance/Incentive,471,183690000.0,192335000.0,2023,8,Aug,8645000.0,4.706298655343241
2023-08-01,Supply Chain & Logistics,Overtime,471,306150000.0,314753000.0,2023,8,Aug,8603000.0,2.8100604278948227
2023-08-01,Supply Chain & Logistics,BPJS (Kesehatan & Ketenagakerjaan),471,219693000.0,217641000.0,2023,8,Aug,-2052000.0,-0.9340306700714179
2023-08-01,Supply Chain & Logistics,THR & Bonus Tahunan,471,255125000.0,0.0,2023,8,Aug,-255125000.0,-100.0
2023-08-01,Supply Chain & Logistics,Training & Development,471,70650000.0,68444000.0,2023,8,Aug,-2206000.0,-3.1224345364472756
2023-08-01,Supply Chain & Logistics,Recruitment Cost,471,4207000.0,4610000.0,2023,8,Aug,403000.0,9.5792726408367
2023-08-01,Supply Chain & Logistics,Other Employee Benefit,471,259050000.0,251416000.0,2023,8,Aug,-7634000.0,-2.94692144373673
2023-09-01,Supply Chain & Logistics,Basic Salary,474,3081000000.0,3092000000.0,2023,9,Sep,11000000.0,0.35702693930542034
2023-09-01,Supply Chain & Logistics,Fixed Allowance,474,462150000.0,455745000.0,2023,9,Sep,-6405000.0,-1.385913664394677
2023-09-01,Supply Chain & Logistics,Variable Allowance/Incentive,474,184860000.0,198164000.0,2023,9,Sep,13304000.0,7.196797576544411
2023-09-01,Supply Chain & Logistics,Overtime,474,308100000.0,317568000.0,2023,9,Sep,9468000.0,3.0730282375852
2023-09-01,Supply Chain & Logistics,BPJS (Kesehatan & Ketenagakerjaan),474,221093000.0,223788000.0,2023,9,Sep,2695000.0,1.21894406426255
2023-09-01,Supply Chain & Logistics,THR & Bonus Tahunan,474,256750000.0,0.0,2023,9,Sep,-256750000.0,-100.0
2023-09-01,Supply Chain & Logistics,Training & Development,474,71100000.0,77815000.0,2023,9,Sep,6715000.0,9.444444444444445
2023-09-01,Supply Chain & Logistics,Recruitment Cost,474,4233000.0,4195000.0,2023,9,Sep,-38000.0,-0.8977084809827545
2023-09-01,Supply Chain & Logistics,Other Employee Benefit,474,260700000.0,253398000.0,2023,9,Sep,-7302000.0,-2.8009205983889527
2023-10-01,Supply Chain & Logistics,Basic Salary,477,3100500000.0,3119425000.0,2023,10,Oct,18925000.0,0.6103854217061764
2023-10-01,Supply Chain & Logistics,Fixed Allowance,477,465075000.0,464881000.0,2023,10,Oct,-194000.0,-0.04171370209106058
2023-10-01,Supply Chain & Logistics,Variable Allowance/Incentive,477,186030000.0,187776000.0,2023,10,Oct,1746000.0,0.9385582970488631
2023-10-01,Supply Chain & Logistics,Overtime,477,310050000.0,349664000.0,2023,10,Oct,39614000.0,12.776648927592325
2023-10-01,Supply Chain & Logistics,BPJS (Kesehatan & Ketenagakerjaan),477,222492000.0,220518000.0,2023,10,Oct,-1974000.0,-0.887222911385578
2023-10-01,Supply Chain & Logistics,THR & Bonus Tahunan,477,258375000.0,0.0,2023,10,Oct,-258375000.0,-100.0
2023-10-01,Supply Chain & Logistics,Training & Development,477,71550000.0,77422000.0,2023,10,Oct,5872000.0,8.206848357791754
2023-10-01,Supply Chain & Logistics,Recruitment Cost,477,4260000.0,5056000.0,2023,10,Oct,796000.0,18.685446009389672
2023-10-01,Supply Chain & Logistics,Other Employee Benefit,477,262350000.0,259495000.0,2023,10,Oct,-2855000.0,-1.0882408995616542
2023-11-01,Supply Chain & Logistics,Basic Salary,480,3120000000.0,3145753000.0,2023,11,Nov,25753000.0,0.8254166666666667
2023-11-01,Supply Chain & Logistics,Fixed Allowance,480,468000000.0,475614000.0,2023,11,Nov,7614000.0,1.626923076923077
2023-11-01,Supply Chain & Logistics,Variable Allowance/Incentive,480,187200000.0,206751000.0,2023,11,Nov,19551000.0,10.443910256410255
2023-11-01,Supply Chain & Logistics,Overtime,480,312000000.0,436471000.0,2023,11,Nov,124471000.0,39.89455128205128
2023-11-01,Supply Chain & Logistics,BPJS (Kesehatan & Ketenagakerjaan),480,223891000.0,223088000.0,2023,11,Nov,-803000.0,-0.358656667753505
2023-11-01,Supply Chain & Logistics,THR & Bonus Tahunan,480,260000000.0,0.0,2023,11,Nov,-260000000.0,-100.0
2023-11-01,Supply Chain & Logistics,Training & Development,480,72000000.0,81223000.0,2023,11,Nov,9223000.0,12.809722222222222
2023-11-01,Supply Chain & Logistics,Recruitment Cost,480,4287000.0,4996000.0,2023,11,Nov,709000.0,16.5383718217868
2023-11-01,Supply Chain & Logistics,Other Employee Benefit,480,264000000.0,255907000.0,2023,11,Nov,-8093000.0,-3.065530303030303
2023-12-01,Supply Chain & Logistics,Basic Salary,484,3146000000.0,3179512000.0,2023,12,Dec,33512000.0,1.0652256834075016
2023-12-01,Supply Chain & Logistics,Fixed Allowance,484,471900000.0,454987000.0,2023,12,Dec,-16913000.0,-3.584022038567493
2023-12-01,Supply Chain & Logistics,Variable Allowance/Incentive,484,188760000.0,182013000.0,2023,12,Dec,-6747000.0,-3.5743801652892566
2023-12-01,Supply Chain & Logistics,Overtime,484,314600000.0,490956000.0,2023,12,Dec,176356000.0,56.05721551176097
2023-12-01,Supply Chain & Logistics,BPJS (Kesehatan & Ketenagakerjaan),484,225757000.0,228438000.0,2023,12,Dec,2681000.0,1.187560075656569
2023-12-01,Supply Chain & Logistics,THR & Bonus Tahunan,484,262167000.0,1441862000.0,2023,12,Dec,1179695000.0,449.9784488513047
2023-12-01,Supply Chain & Logistics,Training & Development,484,72600000.0,64986000.0,2023,12,Dec,-7614000.0,-10.487603305785125
2023-12-01,Supply Chain & Logistics,Recruitment Cost,484,4323000.0,5392000.0,2023,12,Dec,1069000.0,24.72819801064076
2023-12-01,Supply Chain & Logistics,Other Employee Benefit,484,266200000.0,238382000.0,2023,12,Dec,-27818000.0,-10.450037565740045
2024-01-01,Supply Chain & Logistics,Basic Salary,488,3314740000.0,3304494000.0,2024,1,Jan,-10246000.0,-0.3091041831335188
2024-01-01,Supply Chain & Logistics,Fixed Allowance,488,497211000.0,505204000.0,2024,1,Jan,7993000.0,1.6075670087749467
2024-01-01,Supply Chain & Logistics,Variable Allowance/Incentive,488,198884000.0,208651000.0,2024,1,Jan,9767000.0,4.91090283783512
2024-01-01,Supply Chain & Logistics,Overtime,488,331474000.0,376484000.0,2024,1,Jan,45010000.0,13.578742224126175
2024-01-01,Supply Chain & Logistics,BPJS (Kesehatan & Ketenagakerjaan),488,237866000.0,236320000.0,2024,1,Jan,-1546000.0,-0.6499457677852236
2024-01-01,Supply Chain & Logistics,THR & Bonus Tahunan,488,276228000.0,0.0,2024,1,Jan,-276228000.0,-100.0
2024-01-01,Supply Chain & Logistics,Training & Development,488,73200000.0,120701000.0,2024,1,Jan,47501000.0,64.89207650273224
2024-01-01,Supply Chain & Logistics,Recruitment Cost,488,4359000.0,6210000.0,2024,1,Jan,1851000.0,42.463867859600825
2024-01-01,Supply Chain & Logistics,Other Employee Benefit,488,268400000.0,280110000.0,2024,1,Jan,11710000.0,4.362891207153502
2024-02-01,Supply Chain & Logistics,Basic Salary,491,3335118000.0,3319196000.0,2024,2,Feb,-15922000.0,-0.4774043976854792
2024-02-01,Supply Chain & Logistics,Fixed Allowance,491,500268000.0,493622000.0,2024,2,Feb,-6646000.0,-1.3284879304692685
2024-02-01,Supply Chain & Logistics,Variable Allowance/Incentive,491,200107000.0,221880000.0,2024,2,Feb,21773000.0,10.8806788368223
2024-02-01,Supply Chain & Logistics,Overtime,491,333512000.0,564567000.0,2024,2,Feb,231055000.0,69.2793662596848
2024-02-01,Supply Chain & Logistics,BPJS (Kesehatan & Ketenagakerjaan),491,239328000.0,244624000.0,2024,2,Feb,5296000.0,2.2128626821767616
2024-02-01,Supply Chain & Logistics,THR & Bonus Tahunan,491,277926000.0,0.0,2024,2,Feb,-277926000.0,-100.0
2024-02-01,Supply Chain & Logistics,Training & Development,491,73650000.0,83125000.0,2024,2,Feb,9475000.0,12.86490156143924
2024-02-01,Supply Chain & Logistics,Recruitment Cost,491,4385000.0,5262000.0,2024,2,Feb,877000.0,20.0
2024-02-01,Supply Chain & Logistics,Other Employee Benefit,491,270050000.0,269793000.0,2024,2,Feb,-257000.0,-0.09516756156267359
2024-03-01,Supply Chain & Logistics,Basic Salary,491,3335118000.0,3334500000.0,2024,3,Mar,-618000.0,-0.0185300789957057
2024-03-01,Supply Chain & Logistics,Fixed Allowance,491,500268000.0,497379000.0,2024,3,Mar,-2889000.0,-0.5774904651107007
2024-03-01,Supply Chain & Logistics,Variable Allowance/Incentive,491,200107000.0,205273000.0,2024,3,Mar,5166000.0,2.5816188339238506
2024-03-01,Supply Chain & Logistics,Overtime,491,333512000.0,603592000.0,2024,3,Mar,270080000.0,80.98059440140085
2024-03-01,Supply Chain & Logistics,BPJS (Kesehatan & Ketenagakerjaan),491,239328000.0,241097000.0,2024,3,Mar,1769000.0,0.7391529616258858
2024-03-01,Supply Chain & Logistics,THR & Bonus Tahunan,491,277926000.0,0.0,2024,3,Mar,-277926000.0,-100.0
2024-03-01,Supply Chain & Logistics,Training & Development,491,73650000.0,74632000.0,2024,3,Mar,982000.0,1.3333333333333335
2024-03-01,Supply Chain & Logistics,Recruitment Cost,491,4385000.0,3501000.0,2024,3,Mar,-884000.0,-20.159635119726342
2024-03-01,Supply Chain & Logistics,Other Employee Benefit,491,270050000.0,258652000.0,2024,3,Mar,-11398000.0,-4.2206998703943714
2024-04-01,Supply Chain & Logistics,Basic Salary,492,3341910000.0,3357205000.0,2024,4,Apr,15295000.0,0.4576724088919211
2024-04-01,Supply Chain & Logistics,Fixed Allowance,492,501286000.0,501985000.0,2024,4,Apr,699000.0,0.13944135683023265
2024-04-01,Supply Chain & Logistics,Variable Allowance/Incentive,492,200515000.0,216291000.0,2024,4,Apr,15776000.0,7.867740568037304
2024-04-01,Supply Chain & Logistics,Overtime,492,334191000.0,350019000.0,2024,4,Apr,15828000.0,4.736213722093054
2024-04-01,Supply Chain & Logistics,BPJS (Kesehatan & Ketenagakerjaan),492,239815000.0,240011000.0,2024,4,Apr,196000.0,0.08172966661801806
2024-04-01,Supply Chain & Logistics,THR & Bonus Tahunan,492,278492000.0,3570072000.0,2024,4,Apr,3291580000.0,1181.9298220415667
2024-04-01,Supply Chain & Logistics,Training & Development,492,73800000.0,78297000.0,2024,4,Apr,4497000.0,6.09349593495935
2024-04-01,Supply Chain & Logistics,Recruitment Cost,492,4394000.0,4900000.0,2024,4,Apr,506000.0,11.515703231679563
2024-04-01,Supply Chain & Logistics,Other Employee Benefit,492,270600000.0,295765000.0,2024,4,Apr,25165000.0,9.299704360679971
2024-05-01,Supply Chain & Logistics,Basic Salary,496,3369080000.0,3430265000.0,2024,5,May,61185000.0,1.8160744179419903
2024-05-01,Supply Chain & Logistics,Fixed Allowance,496,505362000.0,504241000.0,2024,5,May,-1121000.0,-0.22182118956312505
2024-05-01,Supply Chain & Logistics,Variable Allowance/Incentive,496,202145000.0,217933000.0,2024,5,May,15788000.0,7.810235227188405
2024-05-01,Supply Chain & Logistics,Overtime,496,336908000.0,287960000.0,2024,5,May,-48948000.0,-14.528595343535923
2024-05-01,Supply Chain & Logistics,BPJS (Kesehatan & Ketenagakerjaan),496,241765000.0,244608000.0,2024,5,May,2843000.0,1.1759353090811326
2024-05-01,Supply Chain & Logistics,THR & Bonus Tahunan,496,280757000.0,0.0,2024,5,May,-280757000.0,-100.0
2024-05-01,Supply Chain & Logistics,Training & Development,496,74400000.0,72640000.0,2024,5,May,-1760000.0,-2.3655913978494625
2024-05-01,Supply Chain & Logistics,Recruitment Cost,496,4430000.0,3662000.0,2024,5,May,-768000.0,-17.33634311512415
2024-05-01,Supply Chain & Logistics,Other Employee Benefit,496,272800000.0,286885000.0,2024,5,May,14085000.0,5.163123167155425
2024-06-01,Supply Chain & Logistics,Basic Salary,495,3362288000.0,3297977000.0,2024,6,Jun,-64311000.0,-1.9127153890446031
2024-06-01,Supply Chain & Logistics,Fixed Allowance,495,504343000.0,507999000.0,2024,6,Jun,3656000.0,0.7249034883006208
2024-06-01,Supply Chain & Logistics,Variable Allowance/Incentive,495,201737000.0,210958000.0,2024,6,Jun,9221000.0,4.570802579596207
2024-06-01,Supply Chain & Logistics,Overtime,495,336229000.0,368861000.0,2024,6,Jun,32632000.0,9.705290144514601
2024-06-01,Supply Chain & Logistics,BPJS (Kesehatan & Ketenagakerjaan),495,241278000.0,243963000.0,2024,6,Jun,2685000.0,1.11282421107602
2024-06-01,Supply Chain & Logistics,THR & Bonus Tahunan,495,280191000.0,0.0,2024,6,Jun,-280191000.0,-100.0
2024-06-01,Supply Chain & Logistics,Training & Development,495,74250000.0,90696000.0,2024,6,Jun,16446000.0,22.14949494949495
2024-06-01,Supply Chain & Logistics,Recruitment Cost,495,4421000.0,6494000.0,2024,6,Jun,2073000.0,46.88984392671342
2024-06-01,Supply Chain & Logistics,Other Employee Benefit,495,272250000.0,270449000.0,2024,6,Jun,-1801000.0,-0.661524334251607
2024-07-01,Supply Chain & Logistics,Basic Salary,496,3369080000.0,3359572000.0,2024,7,Jul,-9508000.0,-0.28221354197585097
2024-07-01,Supply Chain & Logistics,Fixed Allowance,496,505362000.0,508348000.0,2024,7,Jul,2986000.0,0.590863578979029
2024-07-01,Supply Chain & Logistics,Variable Allowance/Incentive,496,202145000.0,184399000.0,2024,7,Jul,-17746000.0,-8.778846867347696
2024-07-01,Supply Chain & Logistics,Overtime,496,336908000.0,348394000.0,2024,7,Jul,11486000.0,3.4092393175585025
2024-07-01,Supply Chain & Logistics,BPJS (Kesehatan & Ketenagakerjaan),496,241765000.0,241452000.0,2024,7,Jul,-313000.0,-0.1294645626951792
2024-07-01,Supply Chain & Logistics,THR & Bonus Tahunan,496,280757000.0,0.0,2024,7,Jul,-280757000.0,-100.0
2024-07-01,Supply Chain & Logistics,Training & Development,496,74400000.0,123962000.0,2024,7,Jul,49562000.0,66.61559139784946
2024-07-01,Supply Chain & Logistics,Recruitment Cost,496,4430000.0,5923000.0,2024,7,Jul,1493000.0,33.70203160270881
2024-07-01,Supply Chain & Logistics,Other Employee Benefit,496,272800000.0,239351000.0,2024,7,Jul,-33449000.0,-12.261363636363637
2024-08-01,Supply Chain & Logistics,Basic Salary,496,3369080000.0,3365420000.0,2024,8,Aug,-3660000.0,-0.10863499827846176
2024-08-01,Supply Chain & Logistics,Fixed Allowance,496,505362000.0,504801000.0,2024,8,Aug,-561000.0,-0.11100953375995821
2024-08-01,Supply Chain & Logistics,Variable Allowance/Incentive,496,202145000.0,206340000.0,2024,8,Aug,4195000.0,2.0752430186252444
2024-08-01,Supply Chain & Logistics,Overtime,496,336908000.0,347094000.0,2024,8,Aug,10186000.0,3.0233773018153323
2024-08-01,Supply Chain & Logistics,BPJS (Kesehatan & Ketenagakerjaan),496,241765000.0,247264000.0,2024,8,Aug,5499000.0,2.2745227803859116
2024-08-01,Supply Chain & Logistics,THR & Bonus Tahunan,496,280757000.0,0.0,2024,8,Aug,-280757000.0,-100.0
2024-08-01,Supply Chain & Logistics,Training & Development,496,74400000.0,77887000.0,2024,8,Aug,3487000.0,4.686827956989247
2024-08-01,Supply Chain & Logistics,Recruitment Cost,496,4430000.0,5104000.0,2024,8,Aug,674000.0,15.214446952595937
2024-08-01,Supply Chain & Logistics,Other Employee Benefit,496,272800000.0,250988000.0,2024,8,Aug,-21812000.0,-7.995601173020528
2024-09-01,Supply Chain & Logistics,Basic Salary,496,3369080000.0,3387121000.0,2024,9,Sep,18041000.0,0.5354874327709641
2024-09-01,Supply Chain & Logistics,Fixed Allowance,496,505362000.0,516080000.0,2024,9,Sep,10718000.0,2.120855940889897
2024-09-01,Supply Chain & Logistics,Variable Allowance/Incentive,496,202145000.0,227071000.0,2024,9,Sep,24926000.0,12.330752677533454
2024-09-01,Supply Chain & Logistics,Overtime,496,336908000.0,309016000.0,2024,9,Sep,-27892000.0,-8.278817956237312
2024-09-01,Supply Chain & Logistics,BPJS (Kesehatan & Ketenagakerjaan),496,241765000.0,240663000.0,2024,9,Sep,-1102000.0,-0.45581453063925714
2024-09-01,Supply Chain & Logistics,THR & Bonus Tahunan,496,280757000.0,0.0,2024,9,Sep,-280757000.0,-100.0
2024-09-01,Supply Chain & Logistics,Training & Development,496,74400000.0,77104000.0,2024,9,Sep,2704000.0,3.634408602150538
2024-09-01,Supply Chain & Logistics,Recruitment Cost,496,4430000.0,8372000.0,2024,9,Sep,3942000.0,88.98419864559818
2024-09-01,Supply Chain & Logistics,Other Employee Benefit,496,272800000.0,274367000.0,2024,9,Sep,1567000.0,0.5744134897360703
2024-10-01,Supply Chain & Logistics,Basic Salary,500,3396250000.0,3402023000.0,2024,10,Oct,5773000.0,0.16998159735001842
2024-10-01,Supply Chain & Logistics,Fixed Allowance,500,509438000.0,521188000.0,2024,10,Oct,11750000.0,2.3064632006250023
2024-10-01,Supply Chain & Logistics,Variable Allowance/Incentive,500,203775000.0,220510000.0,2024,10,Oct,16735000.0,8.212489265120844
2024-10-01,Supply Chain & Logistics,Overtime,500,339625000.0,345266000.0,2024,10,Oct,5641000.0,1.6609495767390503
2024-10-01,Supply Chain & Logistics,BPJS (Kesehatan & Ketenagakerjaan),500,243715000.0,239985000.0,2024,10,Oct,-3730000.0,-1.5304761709373653
2024-10-01,Supply Chain & Logistics,THR & Bonus Tahunan,500,283021000.0,0.0,2024,10,Oct,-283021000.0,-100.0
2024-10-01,Supply Chain & Logistics,Training & Development,500,75000000.0,71973000.0,2024,10,Oct,-3027000.0,-4.036
2024-10-01,Supply Chain & Logistics,Recruitment Cost,500,4466000.0,7660000.0,2024,10,Oct,3194000.0,71.51813703537842
2024-10-01,Supply Chain & Logistics,Other Employee Benefit,500,275000000.0,287070000.0,2024,10,Oct,12070000.0,4.389090909090909
2024-11-01,Supply Chain & Logistics,Basic Salary,501,3403042000.0,3391394000.0,2024,11,Nov,-11648000.0,-0.3422819935810372
2024-11-01,Supply Chain & Logistics,Fixed Allowance,501,510456000.0,492786000.0,2024,11,Nov,-17670000.0,-3.461610795053834
2024-11-01,Supply Chain & Logistics,Variable Allowance/Incentive,501,204183000.0,227775000.0,2024,11,Nov,23592000.0,11.55434095884574
2024-11-01,Supply Chain & Logistics,Overtime,501,340304000.0,473936000.0,2024,11,Nov,133632000.0,39.26841882552071
2024-11-01,Supply Chain & Logistics,BPJS (Kesehatan & Ketenagakerjaan),501,244202000.0,246831000.0,2024,11,Nov,2629000.0,1.0765677594778094
2024-11-01,Supply Chain & Logistics,THR & Bonus Tahunan,501,283587000.0,0.0,2024,11,Nov,-283587000.0,-100.0
2024-11-01,Supply Chain & Logistics,Training & Development,501,75150000.0,92085000.0,2024,11,Nov,16935000.0,22.534930139720558
2024-11-01,Supply Chain & Logistics,Recruitment Cost,501,4475000.0,5697000.0,2024,11,Nov,1222000.0,27.307262569832403
2024-11-01,Supply Chain & Logistics,Other Employee Benefit,501,275550000.0,297988000.0,2024,11,Nov,22438000.0,8.142986753765197
2024-12-01,Supply Chain & Logistics,Basic Salary,500,3396250000.0,3338399000.0,2024,12,Dec,-57851000.0,-1.7033787265366214
2024-12-01,Supply Chain & Logistics,Fixed Allowance,500,509438000.0,508872000.0,2024,12,Dec,-566000.0,-0.11110282311095757
2024-12-01,Supply Chain & Logistics,Variable Allowance/Incentive,500,203775000.0,210036000.0,2024,12,Dec,6261000.0,3.072506440927494
2024-12-01,Supply Chain & Logistics,Overtime,500,339625000.0,490097000.0,2024,12,Dec,150472000.0,44.30533676849466
2024-12-01,Supply Chain & Logistics,BPJS (Kesehatan & Ketenagakerjaan),500,243715000.0,247819000.0,2024,12,Dec,4104000.0,1.683934103358431
2024-12-01,Supply Chain & Logistics,THR & Bonus Tahunan,500,283021000.0,1181994000.0,2024,12,Dec,898973000.0,317.63473381833853
2024-12-01,Supply Chain & Logistics,Training & Development,500,75000000.0,58787000.0,2024,12,Dec,-16213000.0,-21.617333333333335
2024-12-01,Supply Chain & Logistics,Recruitment Cost,500,4466000.0,6094000.0,2024,12,Dec,1628000.0,36.45320197044335
2024-12-01,Supply Chain & Logistics,Other Employee Benefit,500,275000000.0,262077000.0,2024,12,Dec,-12923000.0,-4.699272727272727
2023-01-01,Sales & Distribution,Basic Salary,902,6314000000.0,6247121000.0,2023,1,Jan,-66879000.0,-1.059217611656636
2023-01-01,Sales & Distribution,Fixed Allowance,902,947100000.0,945913000.0,2023,1,Jan,-1187000.0,-0.12532995459824728
2023-01-01,Sales & Distribution,Variable Allowance/Incentive,902,1578500000.0,1699115000.0,2023,1,Jan,120615000.0,7.641114982578396
2023-01-01,Sales & Distribution,Overtime,902,315700000.0,284581000.0,2023,1,Jan,-31119000.0,-9.857142857142858
2023-01-01,Sales & Distribution,BPJS (Kesehatan & Ketenagakerjaan),902,453093000.0,456518000.0,2023,1,Jan,3425000.0,0.7559154522360751
2023-01-01,Sales & Distribution,THR & Bonus Tahunan,902,526167000.0,0.0,2023,1,Jan,-526167000.0,-100.0
2023-01-01,Sales & Distribution,Training & Development,902,135300000.0,199261000.0,2023,1,Jan,63961000.0,47.27346637102735
2023-01-01,Sales & Distribution,Recruitment Cost,902,10062000.0,10085000.0,2023,1,Jan,23000.0,0.22858278672232163
2023-01-01,Sales & Distribution,Other Employee Benefit,902,496100000.0,493445000.0,2023,1,Jan,-2655000.0,-0.535174360008063
2023-02-01,Sales & Distribution,Basic Salary,903,6321000000.0,6286004000.0,2023,2,Feb,-34996000.0,-0.5536465749090334
2023-02-01,Sales & Distribution,Fixed Allowance,903,948150000.0,925435000.0,2023,2,Feb,-22715000.0,-2.395717977113326
2023-02-01,Sales & Distribution,Variable Allowance/Incentive,903,1580250000.0,1828631000.0,2023,2,Feb,248381000.0,15.71782945736434
2023-02-01,Sales & Distribution,Overtime,903,316050000.0,317165000.0,2023,2,Feb,1115000.0,0.3527922797025787
2023-02-01,Sales & Distribution,BPJS (Kesehatan & Ketenagakerjaan),903,453595000.0,448834000.0,2023,2,Feb,-4761000.0,-1.0496147444306043
2023-02-01,Sales & Distribution,THR & Bonus Tahunan,903,526750000.0,0.0,2023,2,Feb,-526750000.0,-100.0
2023-02-01,Sales & Distribution,Training & Development,903,135450000.0,139798000.0,2023,2,Feb,4348000.0,3.210040605389443
2023-02-01,Sales & Distribution,Recruitment Cost,903,10073000.0,12238000.0,2023,2,Feb,2165000.0,21.493100367318576
2023-02-01,Sales & Distribution,Other Employee Benefit,903,496650000.0,491163000.0,2023,2,Feb,-5487000.0,-1.1048021745696164
2023-03-01,Sales & Distribution,Basic Salary,908,6356000000.0,6404147000.0,2023,3,Mar,48147000.0,0.7575047199496538
2023-03-01,Sales & Distribution,Fixed Allowance,908,953400000.0,943284000.0,2023,3,Mar,-10116000.0,-1.0610446821900565
2023-03-01,Sales & Distribution,Variable Allowance/Incentive,908,1589000000.0,1515802000.0,2023,3,Mar,-73198000.0,-4.606544996853367
2023-03-01,Sales & Distribution,Overtime,908,317800000.0,309059000.0,2023,3,Mar,-8741000.0,-2.750471994965387
2023-03-01,Sales & Distribution,BPJS (Kesehatan & Ketenagakerjaan),908,456107000.0,440358000.0,2023,3,Mar,-15749000.0,-3.4529178460317422
2023-03-01,Sales & Distribution,THR & Bonus Tahunan,908,529667000.0,0.0,2023,3,Mar,-529667000.0,-100.0
2023-03-01,Sales & Distribution,Training & Development,908,136200000.0,105245000.0,2023,3,Mar,-30955000.0,-22.727606461086637
2023-03-01,Sales & Distribution,Recruitment Cost,908,10129000.0,16988000.0,2023,3,Mar,6859000.0,67.71645769572514
2023-03-01,Sales & Distribution,Other Employee Benefit,908,499400000.0,540475000.0,2023,3,Mar,41075000.0,8.224869843812575
2023-04-01,Sales & Distribution,Basic Salary,911,6377000000.0,6413767000.0,2023,4,Apr,36767000.0,0.5765563744707543
2023-04-01,Sales & Distribution,Fixed Allowance,911,956550000.0,962505000.0,2023,4,Apr,5955000.0,0.6225497883017093
2023-04-01,Sales & Distribution,Variable Allowance/Incentive,911,1594250000.0,1986930000.0,2023,4,Apr,392680000.0,24.631017719931002
2023-04-01,Sales & Distribution,Overtime,911,318850000.0,354548000.0,2023,4,Apr,35698000.0,11.195860122314567
2023-04-01,Sales & Distribution,BPJS (Kesehatan & Ketenagakerjaan),911,457614000.0,456735000.0,2023,4,Apr,-879000.0,-0.1920832841652572
2023-04-01,Sales & Distribution,THR & Bonus Tahunan,911,531417000.0,6194196000.0,2023,4,Apr,5662779000.0,1065.5998961267705
2023-04-01,Sales & Distribution,Training & Development,911,136650000.0,103722000.0,2023,4,Apr,-32928000.0,-24.096597145993414
2023-04-01,Sales & Distribution,Recruitment Cost,911,10163000.0,13349000.0,2023,4,Apr,3186000.0,31.349011118764142
2023-04-01,Sales & Distribution,Other Employee Benefit,911,501050000.0,482102000.0,2023,4,Apr,-18948000.0,-3.78165851711406
2023-05-01,Sales & Distribution,Basic Salary,911,6377000000.0,6335768000.0,2023,5,May,-41232000.0,-0.6465736239611103
2023-05-01,Sales & Distribution,Fixed Allowance,911,956550000.0,935859000.0,2023,5,May,-20691000.0,-2.163086090638231
2023-05-01,Sales & Distribution,Variable Allowance/Incentive,911,1594250000.0,1809428000.0,2023,5,May,215178000.0,13.49713031205896
2023-05-01,Sales & Distribution,Overtime,911,318850000.0,346961000.0,2023,5,May,28111000.0,8.8163713344833
2023-05-01,Sales & Distribution,BPJS (Kesehatan & Ketenagakerjaan),911,457614000.0,457559000.0,2023,5,May,-55000.0,-0.012018863059259552
2023-05-01,Sales & Distribution,THR & Bonus Tahunan,911,531417000.0,0.0,2023,5,May,-531417000.0,-100.0
2023-05-01,Sales & Distribution,Training & Development,911,136650000.0,166985000.0,2023,5,May,30335000.0,22.199048664471277
2023-05-01,Sales & Distribution,Recruitment Cost,911,10163000.0,12949000.0,2023,5,May,2786000.0,27.413165403916167
2023-05-01,Sales & Distribution,Other Employee Benefit,911,501050000.0,479473000.0,2023,5,May,-21577000.0,-4.306356651032831
2023-06-01,Sales & Distribution,Basic Salary,919,6433000000.0,6467668000.0,2023,6,Jun,34668000.0,0.5389087517487953
2023-06-01,Sales & Distribution,Fixed Allowance,919,964950000.0,944932000.0,2023,6,Jun,-20018000.0,-2.0745116327270843
2023-06-01,Sales & Distribution,Variable Allowance/Incentive,919,1608250000.0,1583761000.0,2023,6,Jun,-24489000.0,-1.52271102129644
2023-06-01,Sales & Distribution,Overtime,919,321650000.0,293486000.0,2023,6,Jun,-28164000.0,-8.756101352401679
2023-06-01,Sales & Distribution,BPJS (Kesehatan & Ketenagakerjaan),919,461632000.0,452057000.0,2023,6,Jun,-9575000.0,-2.074162969638153
2023-06-01,Sales & Distribution,THR & Bonus Tahunan,919,536083000.0,0.0,2023,6,Jun,-536083000.0,-100.0
2023-06-01,Sales & Distribution,Training & Development,919,137850000.0,157001000.0,2023,6,Jun,19151000.0,13.892636924192963
2023-06-01,Sales & Distribution,Recruitment Cost,919,10252000.0,18932000.0,2023,6,Jun,8680000.0,84.66640655481858
2023-06-01,Sales & Distribution,Other Employee Benefit,919,505450000.0,470105000.0,2023,6,Jun,-35345000.0,-6.992778712038778
2023-07-01,Sales & Distribution,Basic Salary,924,6468000000.0,6425916000.0,2023,7,Jul,-42084000.0,-0.6506493506493506
2023-07-01,Sales & Distribution,Fixed Allowance,924,970200000.0,960748000.0,2023,7,Jul,-9452000.0,-0.9742321170892598
2023-07-01,Sales & Distribution,Variable Allowance/Incentive,924,1617000000.0,1540368000.0,2023,7,Jul,-76632000.0,-4.739146567717997
2023-07-01,Sales & Distribution,Overtime,924,323400000.0,295459000.0,2023,7,Jul,-27941000.0,-8.639764996907855
2023-07-01,Sales & Distribution,BPJS (Kesehatan & Ketenagakerjaan),924,464144000.0,464481000.0,2023,7,Jul,337000.0,0.07260677720707367
2023-07-01,Sales & Distribution,THR & Bonus Tahunan,924,539000000.0,0.0,2023,7,Jul,-539000000.0,-100.0
2023-07-01,Sales & Distribution,Training & Development,924,138600000.0,194119000.0,2023,7,Jul,55519000.0,40.05699855699856
2023-07-01,Sales & Distribution,Recruitment Cost,924,10308000.0,13756000.0,2023,7,Jul,3448000.0,33.44974776872332
2023-07-01,Sales & Distribution,Other Employee Benefit,924,508200000.0,506923000.0,2023,7,Jul,-1277000.0,-0.25127902400629676
2023-08-01,Sales & Distribution,Basic Salary,927,6489000000.0,6430108000.0,2023,8,Aug,-58892000.0,-0.9075666512559717
2023-08-01,Sales & Distribution,Fixed Allowance,927,973350000.0,962122000.0,2023,8,Aug,-11228000.0,-1.1535418914059692
2023-08-01,Sales & Distribution,Variable Allowance/Incentive,927,1622250000.0,1720285000.0,2023,8,Aug,98035000.0,6.0431499460625675
2023-08-01,Sales & Distribution,Overtime,927,324450000.0,340702000.0,2023,8,Aug,16252000.0,5.009092310063184
2023-08-01,Sales & Distribution,BPJS (Kesehatan & Ketenagakerjaan),927,465651000.0,458823000.0,2023,8,Aug,-6828000.0,-1.4663342288537984
2023-08-01,Sales & Distribution,THR & Bonus Tahunan,927,540750000.0,0.0,2023,8,Aug,-540750000.0,-100.0
2023-08-01,Sales & Distribution,Training & Development,927,139050000.0,141122000.0,2023,8,Aug,2072000.0,1.4901114706939949
2023-08-01,Sales & Distribution,Recruitment Cost,927,10341000.0,15354000.0,2023,8,Aug,5013000.0,48.4769364664926
2023-08-01,Sales & Distribution,Other Employee Benefit,927,509850000.0,467293000.0,2023,8,Aug,-42557000.0,-8.346964793566736
2023-09-01,Sales & Distribution,Basic Salary,932,6524000000.0,6480770000.0,2023,9,Sep,-43230000.0,-0.6626302881667688
2023-09-01,Sales & Distribution,Fixed Allowance,932,978600000.0,989768000.0,2023,9,Sep,11168000.0,1.1412221540976906
2023-09-01,Sales & Distribution,Variable Allowance/Incentive,932,1631000000.0,2413050000.0,2023,9,Sep,782050000.0,47.949110974862045
2023-09-01,Sales & Distribution,Overtime,932,326200000.0,236790000.0,2023,9,Sep,-89410000.0,-27.409564684242792
2023-09-01,Sales & Distribution,BPJS (Kesehatan & Ketenagakerjaan),932,468162000.0,464942000.0,2023,9,Sep,-3220000.0,-0.6877961047671532
2023-09-01,Sales & Distribution,THR & Bonus Tahunan,932,543667000.0,0.0,2023,9,Sep,-543667000.0,-100.0
2023-09-01,Sales & Distribution,Training & Development,932,139800000.0,133368000.0,2023,9,Sep,-6432000.0,-4.600858369098713
2023-09-01,Sales & Distribution,Recruitment Cost,932,10397000.0,8044000.0,2023,9,Sep,-2353000.0,-22.631528325478502
2023-09-01,Sales & Distribution,Other Employee Benefit,932,512600000.0,533046000.0,2023,9,Sep,20446000.0,3.988685134607881
2023-10-01,Sales & Distribution,Basic Salary,933,6531000000.0,6548486000.0,2023,10,Oct,17486000.0,0.2677384780278671
2023-10-01,Sales & Distribution,Fixed Allowance,933,979650000.0,1034193000.0,2023,10,Oct,54543000.0,5.567600673709999
2023-10-01,Sales & Distribution,Variable Allowance/Incentive,933,1632750000.0,1422320000.0,2023,10,Oct,-210430000.0,-12.888072270708928
2023-10-01,Sales & Distribution,Overtime,933,326550000.0,321699000.0,2023,10,Oct,-4851000.0,-1.4855305466237942
2023-10-01,Sales & Distribution,BPJS (Kesehatan & Ketenagakerjaan),933,468665000.0,465800000.0,2023,10,Oct,-2865000.0,-0.6113108510343208
2023-10-01,Sales & Distribution,THR & Bonus Tahunan,933,544250000.0,0.0,2023,10,Oct,-544250000.0,-100.0
2023-10-01,Sales & Distribution,Training & Development,933,139950000.0,127313000.0,2023,10,Oct,-12637000.0,-9.029653447659879
2023-10-01,Sales & Distribution,Recruitment Cost,933,10408000.0,15483000.0,2023,10,Oct,5075000.0,48.76056879323597
2023-10-01,Sales & Distribution,Other Employee Benefit,933,513150000.0,541536000.0,2023,10,Oct,28386000.0,5.531715872551885
2023-11-01,Sales & Distribution,Basic Salary,939,6573000000.0,6525455000.0,2023,11,Nov,-47545000.0,-0.7233378974593032
2023-11-01,Sales & Distribution,Fixed Allowance,939,985950000.0,1033943000.0,2023,11,Nov,47993000.0,4.86769105938435
2023-11-01,Sales & Distribution,Variable Allowance/Incentive,939,1643250000.0,2533201000.0,2023,11,Nov,889951000.0,54.157979613570674
2023-11-01,Sales & Distribution,Overtime,939,328650000.0,321977000.0,2023,11,Nov,-6673000.0,-2.0304275064658452
2023-11-01,Sales & Distribution,BPJS (Kesehatan & Ketenagakerjaan),939,471678000.0,474304000.0,2023,11,Nov,2626000.0,0.55673573921192
2023-11-01,Sales & Distribution,THR & Bonus Tahunan,939,547750000.0,0.0,2023,11,Nov,-547750000.0,-100.0
2023-11-01,Sales & Distribution,Training & Development,939,140850000.0,128089000.0,2023,11,Nov,-12761000.0,-9.05999290024849
2023-11-01,Sales & Distribution,Recruitment Cost,939,10475000.0,13377000.0,2023,11,Nov,2902000.0,27.704057279236277
2023-11-01,Sales & Distribution,Other Employee Benefit,939,516450000.0,512430000.0,2023,11,Nov,-4020000.0,-0.7783909381353471
2023-12-01,Sales & Distribution,Basic Salary,946,6622000000.0,6638848000.0,2023,12,Dec,16848000.0,0.25442464512231955
2023-12-01,Sales & Distribution,Fixed Allowance,946,993300000.0,1000007000.0,2023,12,Dec,6707000.0,0.6752240008053961
2023-12-01,Sales & Distribution,Variable Allowance/Incentive,946,1655500000.0,2258123000.0,2023,12,Dec,602623000.0,36.40126849894292
2023-12-01,Sales & Distribution,Overtime,946,331100000.0,320555000.0,2023,12,Dec,-10545000.0,-3.1848384173965574
2023-12-01,Sales & Distribution,BPJS (Kesehatan & Ketenagakerjaan),946,475195000.0,472921000.0,2023,12,Dec,-2274000.0,-0.4785403886825409
2023-12-01,Sales & Distribution,THR & Bonus Tahunan,946,551833000.0,3065423000.0,2023,12,Dec,2513590000.0,455.4983119893156
2023-12-01,Sales & Distribution,Training & Development,946,141900000.0,148068000.0,2023,12,Dec,6168000.0,4.346723044397463
2023-12-01,Sales & Distribution,Recruitment Cost,946,10553000.0,20036000.0,2023,12,Dec,9483000.0,89.8607031175969
2023-12-01,Sales & Distribution,Other Employee Benefit,946,520300000.0,542962000.0,2023,12,Dec,22662000.0,4.3555640976359795
2024-01-01,Sales & Distribution,Basic Salary,949,6941935000.0,7025322000.0,2024,1,Jan,83387000.0,1.2012068681138617
2024-01-01,Sales & Distribution,Fixed Allowance,949,1041290000.0,1032792000.0,2024,1,Jan,-8498000.0,-0.8161031028820022
2024-01-01,Sales & Distribution,Variable Allowance/Incentive,949,1735484000.0,1452513000.0,2024,1,Jan,-282971000.0,-16.305019233827565
2024-01-01,Sales & Distribution,Overtime,949,347097000.0,312106000.0,2024,1,Jan,-34991000.0,-10.081043627573848
2024-01-01,Sales & Distribution,BPJS (Kesehatan & Ketenagakerjaan),949,498153000.0,484174000.0,2024,1,Jan,-13979000.0,-2.8061659771194796
2024-01-01,Sales & Distribution,THR & Bonus Tahunan,949,578495000.0,0.0,2024,1,Jan,-578495000.0,-100.0
2024-01-01,Sales & Distribution,Training & Development,949,142350000.0,215751000.0,2024,1,Jan,73401000.0,51.56375131717598
2024-01-01,Sales & Distribution,Recruitment Cost,949,10586000.0,13294000.0,2024,1,Jan,2708000.0,25.580955979595693
2024-01-01,Sales & Distribution,Other Employee Benefit,949,521950000.0,565701000.0,2024,1,Jan,43751000.0,8.38222051920682
2024-02-01,Sales & Distribution,Basic Salary,953,6971195000.0,6955921000.0,2024,2,Feb,-15274000.0,-0.2191016030967431
2024-02-01,Sales & Distribution,Fixed Allowance,953,1045679000.0,1063025000.0,2024,2,Feb,17346000.0,1.6588264658657197
2024-02-01,Sales & Distribution,Variable Allowance/Incentive,953,1742799000.0,1434514000.0,2024,2,Feb,-308285000.0,-17.689073725656257
2024-02-01,Sales & Distribution,Overtime,953,348560000.0,356772000.0,2024,2,Feb,8212000.0,2.355978884553592
2024-02-01,Sales & Distribution,BPJS (Kesehatan & Ketenagakerjaan),953,500253000.0,506037000.0,2024,2,Feb,5784000.0,1.1562149552326522
2024-02-01,Sales & Distribution,THR & Bonus Tahunan,953,580933000.0,0.0,2024,2,Feb,-580933000.0,-100.0
2024-02-01,Sales & Distribution,Training & Development,953,142950000.0,111245000.0,2024,2,Feb,-31705000.0,-22.179083595662817
2024-02-01,Sales & Distribution,Recruitment Cost,953,10631000.0,17089000.0,2024,2,Feb,6458000.0,60.74687235443514
2024-02-01,Sales & Distribution,Other Employee Benefit,953,524150000.0,533021000.0,2024,2,Feb,8871000.0,1.6924544500620051
2024-03-01,Sales & Distribution,Basic Salary,956,6993140000.0,7037391000.0,2024,3,Mar,44251000.0,0.6327772645764278
2024-03-01,Sales & Distribution,Fixed Allowance,956,1048971000.0,1096609000.0,2024,3,Mar,47638000.0,4.541402955849113
2024-03-01,Sales & Distribution,Variable Allowance/Incentive,956,1748285000.0,1773721000.0,2024,3,Mar,25436000.0,1.4549115275827453
2024-03-01,Sales & Distribution,Overtime,956,349657000.0,358336000.0,2024,3,Mar,8679000.0,2.4821467895680622
2024-03-01,Sales & Distribution,BPJS (Kesehatan & Ketenagakerjaan),956,501828000.0,498370000.0,2024,3,Mar,-3458000.0,-0.6890807208844465
2024-03-01,Sales & Distribution,THR & Bonus Tahunan,956,582762000.0,0.0,2024,3,Mar,-582762000.0,-100.0
2024-03-01,Sales & Distribution,Training & Development,956,143400000.0,125120000.0,2024,3,Mar,-18280000.0,-12.747559274755925
2024-03-01,Sales & Distribution,Recruitment Cost,956,10665000.0,16098000.0,2024,3,Mar,5433000.0,50.942334739803094
2024-03-01,Sales & Distribution,Other Employee Benefit,956,525800000.0,503294000.0,2024,3,Mar,-22506000.0,-4.2803347280334725
2024-04-01,Sales & Distribution,Basic Salary,960,7022400000.0,6988857000.0,2024,4,Apr,-33543000.0,-0.4776572112098427
2024-04-01,Sales & Distribution,Fixed Allowance,960,1053360000.0,1063451000.0,2024,4,Apr,10091000.0,0.957982076403129
2024-04-01,Sales & Distribution,Variable Allowance/Incentive,960,1755600000.0,1802462000.0,2024,4,Apr,46862000.0,2.66928685349738
2024-04-01,Sales & Distribution,Overtime,960,351120000.0,387550000.0,2024,4,Apr,36430000.0,10.375370243791297
2024-04-01,Sales & Distribution,BPJS (Kesehatan & Ketenagakerjaan),960,503927000.0,500072000.0,2024,4,Apr,-3855000.0,-0.7649917547581296
2024-04-01,Sales & Distribution,THR & Bonus Tahunan,960,585200000.0,6965545000.0,2024,4,Apr,6380345000.0,1090.2845181134655
2024-04-01,Sales & Distribution,Training & Development,960,144000000.0,122859000.0,2024,4,Apr,-21141000.0,-14.681250000000002
2024-04-01,Sales & Distribution,Recruitment Cost,960,10709000.0,11900000.0,2024,4,Apr,1191000.0,11.121486600056027
2024-04-01,Sales & Distribution,Other Employee Benefit,960,528000000.0,537961000.0,2024,4,Apr,9961000.0,1.8865530303030305
2024-05-01,Sales & Distribution,Basic Salary,966,7066290000.0,7001127000.0,2024,5,May,-65163000.0,-0.9221670777734852
2024-05-01,Sales & Distribution,Fixed Allowance,966,1059943000.0,1078378000.0,2024,5,May,18435000.0,1.7392444688063415
2024-05-01,Sales & Distribution,Variable Allowance/Incentive,966,1766572000.0,1958159000.0,2024,5,May,191587000.0,10.845128304988418
2024-05-01,Sales & Distribution,Overtime,966,353314000.0,367922000.0,2024,5,May,14608000.0,4.13456585360331
2024-05-01,Sales & Distribution,BPJS (Kesehatan & Ketenagakerjaan),966,507077000.0,521352000.0,2024,5,May,14275000.0,2.8151543059535338
2024-05-01,Sales & Distribution,THR & Bonus Tahunan,966,588857000.0,0.0,2024,5,May,-588857000.0,-100.0
2024-05-01,Sales & Distribution,Training & Development,966,144900000.0,128082000.0,2024,5,May,-16818000.0,-11.606625258799172
2024-05-01,Sales & Distribution,Recruitment Cost,966,10776000.0,9279000.0,2024,5,May,-1497000.0,-13.891982182628063
2024-05-01,Sales & Distribution,Other Employee Benefit,966,531300000.0,484048000.0,2024,5,May,-47252000.0,-8.89365706757011
2024-06-01,Sales & Distribution,Basic Salary,974,7124810000.0,7171432000.0,2024,6,Jun,46622000.0,0.654361309284037
2024-06-01,Sales & Distribution,Fixed Allowance,974,1068721000.0,1067533000.0,2024,6,Jun,-1188000.0,-0.11116091103290757
2024-06-01,Sales & Distribution,Variable Allowance/Incentive,974,1781202000.0,1821097000.0,2024,6,Jun,39895000.0,2.2397796544131436
2024-06-01,Sales & Distribution,Overtime,974,356240000.0,316146000.0,2024,6,Jun,-40094000.0,-11.254772063777228
2024-06-01,Sales & Distribution,BPJS (Kesehatan & Ketenagakerjaan),974,511276000.0,530033000.0,2024,6,Jun,18757000.0,3.668664283087804
2024-06-01,Sales & Distribution,THR & Bonus Tahunan,974,593734000.0,0.0,2024,6,Jun,-593734000.0,-100.0
2024-06-01,Sales & Distribution,Training & Development,974,146100000.0,148932000.0,2024,6,Jun,2832000.0,1.9383983572895276
2024-06-01,Sales & Distribution,Recruitment Cost,974,10865000.0,13953000.0,2024,6,Jun,3088000.0,28.421537045559138
2024-06-01,Sales & Distribution,Other Employee Benefit,974,535700000.0,555140000.0,2024,6,Jun,19440000.0,3.628896770580549
2024-07-01,Sales & Distribution,Basic Salary,980,7168700000.0,7184750000.0,2024,7,Jul,16050000.0,0.22388996610264061
2024-07-01,Sales & Distribution,Fixed Allowance,980,1075305000.0,1058305000.0,2024,7,Jul,-17000000.0,-1.5809468011401415
2024-07-01,Sales & Distribution,Variable Allowance/Incentive,980,1792175000.0,1859771000.0,2024,7,Jul,67596000.0,3.771729881289495
2024-07-01,Sales & Distribution,Overtime,980,358435000.0,425893000.0,2024,7,Jul,67458000.0,18.820148701996178
2024-07-01,Sales & Distribution,BPJS (Kesehatan & Ketenagakerjaan),980,514426000.0,524808000.0,2024,7,Jul,10382000.0,2.0181717098280414
2024-07-01,Sales & Distribution,THR & Bonus Tahunan,980,597392000.0,0.0,2024,7,Jul,-597392000.0,-100.0
2024-07-01,Sales & Distribution,Training & Development,980,147000000.0,291408000.0,2024,7,Jul,144408000.0,98.23673469387755
2024-07-01,Sales & Distribution,Recruitment Cost,980,10932000.0,11919000.0,2024,7,Jul,987000.0,9.02854006586169
2024-07-01,Sales & Distribution,Other Employee Benefit,980,539000000.0,512330000.0,2024,7,Jul,-26670000.0,-4.948051948051948
2024-08-01,Sales & Distribution,Basic Salary,983,7190645000.0,7194652000.0,2024,8,Aug,4007000.0,0.05572518181609577
2024-08-01,Sales & Distribution,Fixed Allowance,983,1078597000.0,1102201000.0,2024,8,Aug,23604000.0,2.1883984472421116
2024-08-01,Sales & Distribution,Variable Allowance/Incentive,983,1797661000.0,1554263000.0,2024,8,Aug,-243398000.0,-13.53970520582023
2024-08-01,Sales & Distribution,Overtime,983,359532000.0,414525000.0,2024,8,Aug,54993000.0,15.295717766429693
2024-08-01,Sales & Distribution,BPJS (Kesehatan & Ketenagakerjaan),983,516001000.0,514778000.0,2024,8,Aug,-1223000.0,-0.23701504454448735
2024-08-01,Sales & Distribution,THR & Bonus Tahunan,983,599220000.0,0.0,2024,8,Aug,-599220000.0,-100.0
2024-08-01,Sales & Distribution,Training & Development,983,147450000.0,138008000.0,2024,8,Aug,-9442000.0,-6.403526619192947
2024-08-01,Sales & Distribution,Recruitment Cost,983,10966000.0,10239000.0,2024,8,Aug,-727000.0,-6.6295823454313325
2024-08-01,Sales & Distribution,Other Employee Benefit,983,540650000.0,495915000.0,2024,8,Aug,-44735000.0,-8.274299454360493
2024-09-01,Sales & Distribution,Basic Salary,989,7234535000.0,7239839000.0,2024,9,Sep,5304000.0,0.07331500918856568
2024-09-01,Sales & Distribution,Fixed Allowance,989,1085180000.0,1057183000.0,2024,9,Sep,-27997000.0,-2.579940655006543
2024-09-01,Sales & Distribution,Variable Allowance/Incentive,989,1808634000.0,2547386000.0,2024,9,Sep,738752000.0,40.84585383222918
2024-09-01,Sales & Distribution,Overtime,989,361727000.0,307368000.0,2024,9,Sep,-54359000.0,-15.027631335233476
2024-09-01,Sales & Distribution,BPJS (Kesehatan & Ketenagakerjaan),989,519150000.0,517120000.0,2024,9,Sep,-2030000.0,-0.39102378888567857
2024-09-01,Sales & Distribution,THR & Bonus Tahunan,989,602878000.0,0.0,2024,9,Sep,-602878000.0,-100.0
2024-09-01,Sales & Distribution,Training & Development,989,148350000.0,123307000.0,2024,9,Sep,-25043000.0,-16.88102460397708
2024-09-01,Sales & Distribution,Recruitment Cost,989,11033000.0,13277000.0,2024,9,Sep,2244000.0,20.33898305084746
2024-09-01,Sales & Distribution,Other Employee Benefit,989,543950000.0,543769000.0,2024,9,Sep,-181000.0,-0.033275117198271906
2024-10-01,Sales & Distribution,Basic Salary,989,7234535000.0,7292732000.0,2024,10,Oct,58197000.0,0.8044331805706931
2024-10-01,Sales & Distribution,Fixed Allowance,989,1085180000.0,1081768000.0,2024,10,Oct,-3412000.0,-0.31441788459057485
2024-10-01,Sales & Distribution,Variable Allowance/Incentive,989,1808634000.0,1964966000.0,2024,10,Oct,156332000.0,8.643650401352623
2024-10-01,Sales & Distribution,Overtime,989,361727000.0,294992000.0,2024,10,Oct,-66735000.0,-18.448996066094043
2024-10-01,Sales & Distribution,BPJS (Kesehatan & Ketenagakerjaan),989,519150000.0,511229000.0,2024,10,Oct,-7921000.0,-1.5257632668785515
2024-10-01,Sales & Distribution,THR & Bonus Tahunan,989,602878000.0,0.0,2024,10,Oct,-602878000.0,-100.0
2024-10-01,Sales & Distribution,Training & Development,989,148350000.0,159847000.0,2024,10,Oct,11497000.0,7.749915739804517
2024-10-01,Sales & Distribution,Recruitment Cost,989,11033000.0,11036000.0,2024,10,Oct,3000.0,0.027191153811293393
2024-10-01,Sales & Distribution,Other Employee Benefit,989,543950000.0,539475000.0,2024,10,Oct,-4475000.0,-0.822685908631308
2024-11-01,Sales & Distribution,Basic Salary,993,7263795000.0,7275290000.0,2024,11,Nov,11495000.0,0.15825061142281685
2024-11-01,Sales & Distribution,Fixed Allowance,993,1089569000.0,1074804000.0,2024,11,Nov,-14765000.0,-1.3551229889984022
2024-11-01,Sales & Distribution,Variable Allowance/Incentive,993,1815949000.0,2894256000.0,2024,11,Nov,1078307000.0,59.37980637121417
2024-11-01,Sales & Distribution,Overtime,993,363190000.0,370384000.0,2024,11,Nov,7194000.0,1.980781409179768
2024-11-01,Sales & Distribution,BPJS (Kesehatan & Ketenagakerjaan),993,521250000.0,520121000.0,2024,11,Nov,-1129000.0,-0.2165947242206235
2024-11-01,Sales & Distribution,THR & Bonus Tahunan,993,605316000.0,0.0,2024,11,Nov,-605316000.0,-100.0
2024-11-01,Sales & Distribution,Training & Development,993,148950000.0,136133000.0,2024,11,Nov,-12817000.0,-8.604900973481033
2024-11-01,Sales & Distribution,Recruitment Cost,993,11077000.0,11954000.0,2024,11,Nov,877000.0,7.9173061298185425
2024-11-01,Sales & Distribution,Other Employee Benefit,993,546150000.0,545256000.0,2024,11,Nov,-894000.0,-0.16369129360065915
2024-12-01,Sales & Distribution,Basic Salary,996,7285740000.0,7233804000.0,2024,12,Dec,-51936000.0,-0.7128445429016134
2024-12-01,Sales & Distribution,Fixed Allowance,996,1092861000.0,1095187000.0,2024,12,Dec,2326000.0,0.21283585012183617
2024-12-01,Sales & Distribution,Variable Allowance/Incentive,996,1821435000.0,3202940000.0,2024,12,Dec,1381505000.0,75.84706563780756
2024-12-01,Sales & Distribution,Overtime,996,364287000.0,267410000.0,2024,12,Dec,-96877000.0,-26.593592414771873
2024-12-01,Sales & Distribution,BPJS (Kesehatan & Ketenagakerjaan),996,522825000.0,506525000.0,2024,12,Dec,-16300000.0,-3.11767799933056
2024-12-01,Sales & Distribution,THR & Bonus Tahunan,996,607145000.0,3001201000.0,2024,12,Dec,2394056000.0,394.3137141868911
2024-12-01,Sales & Distribution,Training & Development,996,149400000.0,121597000.0,2024,12,Dec,-27803000.0,-18.609772423025436
2024-12-01,Sales & Distribution,Recruitment Cost,996,11111000.0,12699000.0,2024,12,Dec,1588000.0,14.292142921429216
2024-12-01,Sales & Distribution,Other Employee Benefit,996,547800000.0,537626000.0,2024,12,Dec,-10174000.0,-1.8572471705001825
2023-01-01,Marketing & Brand,Basic Salary,180,1710000000.0,1696699000.0,2023,1,Jan,-13301000.0,-0.7778362573099415
2023-01-01,Marketing & Brand,Fixed Allowance,180,256500000.0,250803000.0,2023,1,Jan,-5697000.0,-2.221052631578947
2023-01-01,Marketing & Brand,Variable Allowance/Incentive,180,136800000.0,155977000.0,2023,1,Jan,19177000.0,14.018274853801168
2023-01-01,Marketing & Brand,Overtime,180,51300000.0,56100000.0,2023,1,Jan,4800000.0,9.35672514619883
2023-01-01,Marketing & Brand,BPJS (Kesehatan & Ketenagakerjaan),180,122710000.0,125050000.0,2023,1,Jan,2340000.0,1.9069350501181648
2023-01-01,Marketing & Brand,THR & Bonus Tahunan,180,142500000.0,0.0,2023,1,Jan,-142500000.0,-100.0
2023-01-01,Marketing & Brand,Training & Development,180,27000000.0,47876000.0,2023,1,Jan,20876000.0,77.31851851851852
2023-01-01,Marketing & Brand,Recruitment Cost,180,2756000.0,2473000.0,2023,1,Jan,-283000.0,-10.268505079825834
2023-01-01,Marketing & Brand,Other Employee Benefit,180,99000000.0,96404000.0,2023,1,Jan,-2596000.0,-2.6222222222222222
2023-02-01,Marketing & Brand,Basic Salary,181,1719500000.0,1698486000.0,2023,2,Feb,-21014000.0,-1.2220994475138123
2023-02-01,Marketing & Brand,Fixed Allowance,181,257925000.0,261603000.0,2023,2,Feb,3678000.0,1.4259959290491422
2023-02-01,Marketing & Brand,Variable Allowance/Incentive,181,137560000.0,134915000.0,2023,2,Feb,-2645000.0,-1.9227973248037222
2023-02-01,Marketing & Brand,Overtime,181,51585000.0,49651000.0,2023,2,Feb,-1934000.0,-3.749151885237957
2023-02-01,Marketing & Brand,BPJS (Kesehatan & Ketenagakerjaan),181,123391000.0,124707000.0,2023,2,Feb,1316000.0,1.066528352959292
2023-02-01,Marketing & Brand,THR & Bonus Tahunan,181,143292000.0,0.0,2023,2,Feb,-143292000.0,-100.0
2023-02-01,Marketing & Brand,Training & Development,181,27150000.0,28959000.0,2023,2,Feb,1809000.0,6.662983425414365
2023-02-01,Marketing & Brand,Recruitment Cost,181,2771000.0,3152000.0,2023,2,Feb,381000.0,13.749548899314327
2023-02-01,Marketing & Brand,Other Employee Benefit,181,99550000.0,105321000.0,2023,2,Feb,5771000.0,5.797086891009543
2023-03-01,Marketing & Brand,Basic Salary,181,1719500000.0,1730091000.0,2023,3,Mar,10591000.0,0.615934864786275
2023-03-01,Marketing & Brand,Fixed Allowance,181,257925000.0,260985000.0,2023,3,Mar,3060000.0,1.1863913928467578
2023-03-01,Marketing & Brand,Variable Allowance/Incentive,181,137560000.0,134154000.0,2023,3,Mar,-3406000.0,-2.4760104681593487
2023-03-01,Marketing & Brand,Overtime,181,51585000.0,53267000.0,2023,3,Mar,1682000.0,3.260637782301057
2023-03-01,Marketing & Brand,BPJS (Kesehatan & Ketenagakerjaan),181,123391000.0,121076000.0,2023,3,Mar,-2315000.0,-1.8761498002285417
2023-03-01,Marketing & Brand,THR & Bonus Tahunan,181,143292000.0,0.0,2023,3,Mar,-143292000.0,-100.0
2023-03-01,Marketing & Brand,Training & Development,181,27150000.0,30913000.0,2023,3,Mar,3763000.0,13.860036832412522
2023-03-01,Marketing & Brand,Recruitment Cost,181,2771000.0,3304000.0,2023,3,Mar,533000.0,19.23493323709852
2023-03-01,Marketing & Brand,Other Employee Benefit,181,99550000.0,96948000.0,2023,3,Mar,-2602000.0,-2.6137619286790557
2023-04-01,Marketing & Brand,Basic Salary,182,1729000000.0,1716822000.0,2023,4,Apr,-12178000.0,-0.7043377674956622
2023-04-01,Marketing & Brand,Fixed Allowance,182,259350000.0,252044000.0,2023,4,Apr,-7306000.0,-2.817042606516291
2023-04-01,Marketing & Brand,Variable Allowance/Incentive,182,138320000.0,121095000.0,2023,4,Apr,-17225000.0,-12.453007518796992
2023-04-01,Marketing & Brand,Overtime,182,51870000.0,55013000.0,2023,4,Apr,3143000.0,6.059379217273954
2023-04-01,Marketing & Brand,BPJS (Kesehatan & Ketenagakerjaan),182,124073000.0,121690000.0,2023,4,Apr,-2383000.0,-1.9206434921376931
2023-04-01,Marketing & Brand,THR & Bonus Tahunan,182,144083000.0,1820021000.0,2023,4,Apr,1675938000.0,1163.1753919615778
2023-04-01,Marketing & Brand,Training & Development,182,27300000.0,18774000.0,2023,4,Apr,-8526000.0,-31.23076923076923
2023-04-01,Marketing & Brand,Recruitment Cost,182,2787000.0,4961000.0,2023,4,Apr,2174000.0,78.00502332256907
2023-04-01,Marketing & Brand,Other Employee Benefit,182,100100000.0,101156000.0,2023,4,Apr,1056000.0,1.054945054945055
2023-05-01,Marketing & Brand,Basic Salary,182,1729000000.0,1719578000.0,2023,5,May,-9422000.0,-0.5449392712550607
2023-05-01,Marketing & Brand,Fixed Allowance,182,259350000.0,261420000.0,2023,5,May,2070000.0,0.7981492192018509
2023-05-01,Marketing & Brand,Variable Allowance/Incentive,182,138320000.0,137904000.0,2023,5,May,-416000.0,-0.30075187969924816
2023-05-01,Marketing & Brand,Overtime,182,51870000.0,57593000.0,2023,5,May,5723000.0,11.03335261229998
2023-05-01,Marketing & Brand,BPJS (Kesehatan & Ketenagakerjaan),182,124073000.0,124286000.0,2023,5,May,213000.0,0.17167312791662973
2023-05-01,Marketing & Brand,THR & Bonus Tahunan,182,144083000.0,0.0,2023,5,May,-144083000.0,-100.0
2023-05-01,Marketing & Brand,Training & Development,182,27300000.0,27915000.0,2023,5,May,615000.0,2.2527472527472527
2023-05-01,Marketing & Brand,Recruitment Cost,182,2787000.0,3167000.0,2023,5,May,380000.0,13.634732687477575
2023-05-01,Marketing & Brand,Other Employee Benefit,182,100100000.0,99815000.0,2023,5,May,-285000.0,-0.28471528471528473
2023-06-01,Marketing & Brand,Basic Salary,183,1738500000.0,1708769000.0,2023,6,Jun,-29731000.0,-1.7101524302559679
2023-06-01,Marketing & Brand,Fixed Allowance,183,260775000.0,253744000.0,2023,6,Jun,-7031000.0,-2.696194037005081
2023-06-01,Marketing & Brand,Variable Allowance/Incentive,183,139080000.0,147350000.0,2023,6,Jun,8270000.0,5.946218004026459
2023-06-01,Marketing & Brand,Overtime,183,52155000.0,53046000.0,2023,6,Jun,891000.0,1.7083692838654012
2023-06-01,Marketing & Brand,BPJS (Kesehatan & Ketenagakerjaan),183,124755000.0,124410000.0,2023,6,Jun,-345000.0,-0.27654202236383313
2023-06-01,Marketing & Brand,THR & Bonus Tahunan,183,144875000.0,0.0,2023,6,Jun,-144875000.0,-100.0
2023-06-01,Marketing & Brand,Training & Development,183,27450000.0,27526000.0,2023,6,Jun,76000.0,0.2768670309653916
2023-06-01,Marketing & Brand,Recruitment Cost,183,2802000.0,3807000.0,2023,6,Jun,1005000.0,35.86723768736616
2023-06-01,Marketing & Brand,Other Employee Benefit,183,100650000.0,97934000.0,2023,6,Jun,-2716000.0,-2.69846000993542
2023-07-01,Marketing & Brand,Basic Salary,183,1738500000.0,1741905000.0,2023,7,Jul,3405000.0,0.19585849870578084
2023-07-01,Marketing & Brand,Fixed Allowance,183,260775000.0,255672000.0,2023,7,Jul,-5103000.0,-1.9568593615185506
2023-07-01,Marketing & Brand,Variable Allowance/Incentive,183,139080000.0,143622000.0,2023,7,Jul,4542000.0,3.2657463330457293
2023-07-01,Marketing & Brand,Overtime,183,52155000.0,43275000.0,2023,7,Jul,-8880000.0,-17.02617198734541
2023-07-01,Marketing & Brand,BPJS (Kesehatan & Ketenagakerjaan),183,124755000.0,126681000.0,2023,7,Jul,1926000.0,1.5438258987615727
2023-07-01,Marketing & Brand,THR & Bonus Tahunan,183,144875000.0,0.0,2023,7,Jul,-144875000.0,-100.0
2023-07-01,Marketing & Brand,Training & Development,183,27450000.0,47033000.0,2023,7,Jul,19583000.0,71.34061930783243
2023-07-01,Marketing & Brand,Recruitment Cost,183,2802000.0,3727000.0,2023,7,Jul,925000.0,33.01213418986438
2023-07-01,Marketing & Brand,Other Employee Benefit,183,100650000.0,105595000.0,2023,7,Jul,4945000.0,4.913065076999503
2023-08-01,Marketing & Brand,Basic Salary,185,1757500000.0,1775328000.0,2023,8,Aug,17828000.0,1.0143954480796586
2023-08-01,Marketing & Brand,Fixed Allowance,185,263625000.0,253919000.0,2023,8,Aug,-9706000.0,-3.6817449027975346
2023-08-01,Marketing & Brand,Variable Allowance/Incentive,185,140600000.0,126207000.0,2023,8,Aug,-14393000.0,-10.236842105263158
2023-08-01,Marketing & Brand,Overtime,185,52725000.0,49431000.0,2023,8,Aug,-3294000.0,-6.247510668563301
2023-08-01,Marketing & Brand,BPJS (Kesehatan & Ketenagakerjaan),185,126118000.0,126168000.0,2023,8,Aug,50000.0,0.03964541144007992
2023-08-01,Marketing & Brand,THR & Bonus Tahunan,185,146458000.0,0.0,2023,8,Aug,-146458000.0,-100.0
2023-08-01,Marketing & Brand,Training & Development,185,27750000.0,29905000.0,2023,8,Aug,2155000.0,7.7657657657657655
2023-08-01,Marketing & Brand,Recruitment Cost,185,2833000.0,2898000.0,2023,8,Aug,65000.0,2.2943875750088245
2023-08-01,Marketing & Brand,Other Employee Benefit,185,101750000.0,102700000.0,2023,8,Aug,950000.0,0.9336609336609337
2023-09-01,Marketing & Brand,Basic Salary,185,1757500000.0,1746753000.0,2023,9,Sep,-10747000.0,-0.6114935988620199
2023-09-01,Marketing & Brand,Fixed Allowance,185,263625000.0,256208000.0,2023,9,Sep,-7417000.0,-2.813466097676624
2023-09-01,Marketing & Brand,Variable Allowance/Incentive,185,140600000.0,130215000.0,2023,9,Sep,-10385000.0,-7.38620199146515
2023-09-01,Marketing & Brand,Overtime,185,52725000.0,45598000.0,2023,9,Sep,-7127000.0,-13.517306780464674
2023-09-01,Marketing & Brand,BPJS (Kesehatan & Ketenagakerjaan),185,126118000.0,124272000.0,2023,9,Sep,-1846000.0,-1.463708590367751
2023-09-01,Marketing & Brand,THR & Bonus Tahunan,185,146458000.0,0.0,2023,9,Sep,-146458000.0,-100.0
2023-09-01,Marketing & Brand,Training & Development,185,27750000.0,32136000.0,2023,9,Sep,4386000.0,15.805405405405407
2023-09-01,Marketing & Brand,Recruitment Cost,185,2833000.0,2700000.0,2023,9,Sep,-133000.0,-4.694669961171902
2023-09-01,Marketing & Brand,Other Employee Benefit,185,101750000.0,115142000.0,2023,9,Sep,13392000.0,13.161670761670763
2023-10-01,Marketing & Brand,Basic Salary,186,1767000000.0,1770266000.0,2023,10,Oct,3266000.0,0.1848330503678551
2023-10-01,Marketing & Brand,Fixed Allowance,186,265050000.0,260500000.0,2023,10,Oct,-4550000.0,-1.7166572344840596
2023-10-01,Marketing & Brand,Variable Allowance/Incentive,186,141360000.0,149280000.0,2023,10,Oct,7920000.0,5.602716468590832
2023-10-01,Marketing & Brand,Overtime,186,53010000.0,49959000.0,2023,10,Oct,-3051000.0,-5.755517826825128
2023-10-01,Marketing & Brand,BPJS (Kesehatan & Ketenagakerjaan),186,126800000.0,127032000.0,2023,10,Oct,232000.0,0.1829652996845426
2023-10-01,Marketing & Brand,THR & Bonus Tahunan,186,147250000.0,0.0,2023,10,Oct,-147250000.0,-100.0
2023-10-01,Marketing & Brand,Training & Development,186,27900000.0,38614000.0,2023,10,Oct,10714000.0,38.40143369175627
2023-10-01,Marketing & Brand,Recruitment Cost,186,2848000.0,3474000.0,2023,10,Oct,626000.0,21.980337078651687
2023-10-01,Marketing & Brand,Other Employee Benefit,186,102300000.0,108179000.0,2023,10,Oct,5879000.0,5.746823069403714
2023-11-01,Marketing & Brand,Basic Salary,186,1767000000.0,1766382000.0,2023,11,Nov,-618000.0,-0.03497453310696095
2023-11-01,Marketing & Brand,Fixed Allowance,186,265050000.0,274437000.0,2023,11,Nov,9387000.0,3.541595925297114
2023-11-01,Marketing & Brand,Variable Allowance/Incentive,186,141360000.0,134270000.0,2023,11,Nov,-7090000.0,-5.015563101301641
2023-11-01,Marketing & Brand,Overtime,186,53010000.0,62618000.0,2023,11,Nov,9608000.0,18.124882097717414
2023-11-01,Marketing & Brand,BPJS (Kesehatan & Ketenagakerjaan),186,126800000.0,128146000.0,2023,11,Nov,1346000.0,1.0615141955835963
2023-11-01,Marketing & Brand,THR & Bonus Tahunan,186,147250000.0,0.0,2023,11,Nov,-147250000.0,-100.0
2023-11-01,Marketing & Brand,Training & Development,186,27900000.0,25546000.0,2023,11,Nov,-2354000.0,-8.437275985663083
2023-11-01,Marketing & Brand,Recruitment Cost,186,2848000.0,4123000.0,2023,11,Nov,1275000.0,44.76825842696629
2023-11-01,Marketing & Brand,Other Employee Benefit,186,102300000.0,107275000.0,2023,11,Nov,4975000.0,4.863147605083089
2023-12-01,Marketing & Brand,Basic Salary,187,1776500000.0,1748605000.0,2023,12,Dec,-27895000.0,-1.5702223473121308
2023-12-01,Marketing & Brand,Fixed Allowance,187,266475000.0,262600000.0,2023,12,Dec,-3875000.0,-1.4541701848203397
2023-12-01,Marketing & Brand,Variable Allowance/Incentive,187,142120000.0,139306000.0,2023,12,Dec,-2814000.0,-1.98001688713763
2023-12-01,Marketing & Brand,Overtime,187,53295000.0,52898000.0,2023,12,Dec,-397000.0,-0.7449104043531287
2023-12-01,Marketing & Brand,BPJS (Kesehatan & Ketenagakerjaan),187,127482000.0,128669000.0,2023,12,Dec,1187000.0,0.9311118432406144
2023-12-01,Marketing & Brand,THR & Bonus Tahunan,187,148042000.0,598728000.0,2023,12,Dec,450686000.0,304.43117493684224
2023-12-01,Marketing & Brand,Training & Development,187,28050000.0,32529000.0,2023,12,Dec,4479000.0,15.967914438502673
2023-12-01,Marketing & Brand,Recruitment Cost,187,2863000.0,3686000.0,2023,12,Dec,823000.0,28.74607055536151
2023-12-01,Marketing & Brand,Other Employee Benefit,187,102850000.0,107050000.0,2023,12,Dec,4200000.0,4.083616917841517
2024-01-01,Marketing & Brand,Basic Salary,188,1866370000.0,1890377000.0,2024,1,Jan,24007000.0,1.2862937145367745
2024-01-01,Marketing & Brand,Fixed Allowance,188,279956000.0,285903000.0,2024,1,Jan,5947000.0,2.1242623840889285
2024-01-01,Marketing & Brand,Variable Allowance/Incentive,188,149310000.0,143890000.0,2024,1,Jan,-5420000.0,-3.630031478132744
2024-01-01,Marketing & Brand,Overtime,188,55991000.0,59535000.0,2024,1,Jan,3544000.0,6.329588683895626
2024-01-01,Marketing & Brand,BPJS (Kesehatan & Ketenagakerjaan),188,133931000.0,130864000.0,2024,1,Jan,-3067000.0,-2.2899851416027657
2024-01-01,Marketing & Brand,THR & Bonus Tahunan,188,155531000.0,0.0,2024,1,Jan,-155531000.0,-100.0
2024-01-01,Marketing & Brand,Training & Development,188,28200000.0,44728000.0,2024,1,Jan,16528000.0,58.60992907801419
2024-01-01,Marketing & Brand,Recruitment Cost,188,2878000.0,4334000.0,2024,1,Jan,1456000.0,50.590687977762336
2024-01-01,Marketing & Brand,Other Employee Benefit,188,103400000.0,104092000.0,2024,1,Jan,692000.0,0.6692456479690522
2024-02-01,Marketing & Brand,Basic Salary,189,1876298000.0,1872296000.0,2024,2,Feb,-4002000.0,-0.21329234481942635
2024-02-01,Marketing & Brand,Fixed Allowance,189,281445000.0,287800000.0,2024,2,Feb,6355000.0,2.25799001581126
2024-02-01,Marketing & Brand,Variable Allowance/Incentive,189,150104000.0,149138000.0,2024,2,Feb,-966000.0,-0.6435538026967969
2024-02-01,Marketing & Brand,Overtime,189,56289000.0,53669000.0,2024,2,Feb,-2620000.0,-4.654550622679387
2024-02-01,Marketing & Brand,BPJS (Kesehatan & Ketenagakerjaan),189,134643000.0,136434000.0,2024,2,Feb,1791000.0,1.3301842650564828
2024-02-01,Marketing & Brand,THR & Bonus Tahunan,189,156358000.0,0.0,2024,2,Feb,-156358000.0,-100.0
2024-02-01,Marketing & Brand,Training & Development,189,28350000.0,22375000.0,2024,2,Feb,-5975000.0,-21.075837742504408
2024-02-01,Marketing & Brand,Recruitment Cost,189,2894000.0,4070000.0,2024,2,Feb,1176000.0,40.63579820317899
2024-02-01,Marketing & Brand,Other Employee Benefit,189,103950000.0,98532000.0,2024,2,Feb,-5418000.0,-5.212121212121213
2024-03-01,Marketing & Brand,Basic Salary,190,1886225000.0,1881301000.0,2024,3,Mar,-4924000.0,-0.26105051094116555
2024-03-01,Marketing & Brand,Fixed Allowance,190,282934000.0,283698000.0,2024,3,Mar,764000.0,0.2700276389546679
2024-03-01,Marketing & Brand,Variable Allowance/Incentive,190,150898000.0,155878000.0,2024,3,Mar,4980000.0,3.300242547946295
2024-03-01,Marketing & Brand,Overtime,190,56587000.0,45667000.0,2024,3,Mar,-10920000.0,-19.297718557265803
2024-03-01,Marketing & Brand,BPJS (Kesehatan & Ketenagakerjaan),190,135356000.0,134035000.0,2024,3,Mar,-1321000.0,-0.9759449156298944
2024-03-01,Marketing & Brand,THR & Bonus Tahunan,190,157185000.0,0.0,2024,3,Mar,-157185000.0,-100.0
2024-03-01,Marketing & Brand,Training & Development,190,28500000.0,32961000.0,2024,3,Mar,4461000.0,15.652631578947368
2024-03-01,Marketing & Brand,Recruitment Cost,190,2909000.0,4425000.0,2024,3,Mar,1516000.0,52.11412856651771
2024-03-01,Marketing & Brand,Other Employee Benefit,190,104500000.0,105979000.0,2024,3,Mar,1479000.0,1.415311004784689
2024-04-01,Marketing & Brand,Basic Salary,190,1886225000.0,1897269000.0,2024,4,Apr,11044000.0,0.5855080915585362
2024-04-01,Marketing & Brand,Fixed Allowance,190,282934000.0,286971000.0,2024,4,Apr,4037000.0,1.426834526780097
2024-04-01,Marketing & Brand,Variable Allowance/Incentive,190,150898000.0,151466000.0,2024,4,Apr,568000.0,0.37641320627178626
2024-04-01,Marketing & Brand,Overtime,190,56587000.0,63508000.0,2024,4,Apr,6921000.0,12.230724371322035
2024-04-01,Marketing & Brand,BPJS (Kesehatan & Ketenagakerjaan),190,135356000.0,133968000.0,2024,4,Apr,-1388000.0,-1.0254440143030232
2024-04-01,Marketing & Brand,THR & Bonus Tahunan,190,157185000.0,1857374000.0,2024,4,Apr,1700189000.0,1081.648376117314
2024-04-01,Marketing & Brand,Training & Development,190,28500000.0,17878000.0,2024,4,Apr,-10622000.0,-37.27017543859649
2024-04-01,Marketing & Brand,Recruitment Cost,190,2909000.0,4473000.0,2024,4,Apr,1564000.0,53.76418013062908
2024-04-01,Marketing & Brand,Other Employee Benefit,190,104500000.0,106140000.0,2024,4,Apr,1640000.0,1.5693779904306222
2024-05-01,Marketing & Brand,Basic Salary,190,1886225000.0,1853054000.0,2024,5,May,-33171000.0,-1.7585918965128764
2024-05-01,Marketing & Brand,Fixed Allowance,190,282934000.0,277996000.0,2024,5,May,-4938000.0,-1.7452833523012432
2024-05-01,Marketing & Brand,Variable Allowance/Incentive,190,150898000.0,160479000.0,2024,5,May,9581000.0,6.349322058609126
2024-05-01,Marketing & Brand,Overtime,190,56587000.0,54887000.0,2024,5,May,-1700000.0,-3.004223584922332
2024-05-01,Marketing & Brand,BPJS (Kesehatan & Ketenagakerjaan),190,135356000.0,133722000.0,2024,5,May,-1634000.0,-1.2071869736103313
2024-05-01,Marketing & Brand,THR & Bonus Tahunan,190,157185000.0,0.0,2024,5,May,-157185000.0,-100.0
2024-05-01,Marketing & Brand,Training & Development,190,28500000.0,24199000.0,2024,5,May,-4301000.0,-15.091228070175438
2024-05-01,Marketing & Brand,Recruitment Cost,190,2909000.0,2681000.0,2024,5,May,-228000.0,-7.837744929529047
2024-05-01,Marketing & Brand,Other Employee Benefit,190,104500000.0,94397000.0,2024,5,May,-10103000.0,-9.667942583732057
2024-06-01,Marketing & Brand,Basic Salary,189,1876298000.0,1856210000.0,2024,6,Jun,-20088000.0,-1.070618846260029
2024-06-01,Marketing & Brand,Fixed Allowance,189,281445000.0,285287000.0,2024,6,Jun,3842000.0,1.3650979765140614
2024-06-01,Marketing & Brand,Variable Allowance/Incentive,189,150104000.0,148114000.0,2024,6,Jun,-1990000.0,-1.3257474817459896
2024-06-01,Marketing & Brand,Overtime,189,56289000.0,51642000.0,2024,6,Jun,-4647000.0,-8.255609444118745
2024-06-01,Marketing & Brand,BPJS (Kesehatan & Ketenagakerjaan),189,134643000.0,139308000.0,2024,6,Jun,4665000.0,3.4647178093179742
2024-06-01,Marketing & Brand,THR & Bonus Tahunan,189,156358000.0,0.0,2024,6,Jun,-156358000.0,-100.0
2024-06-01,Marketing & Brand,Training & Development,189,28350000.0,25527000.0,2024,6,Jun,-2823000.0,-9.957671957671959
2024-06-01,Marketing & Brand,Recruitment Cost,189,2894000.0,4673000.0,2024,6,Jun,1779000.0,61.472011057360056
2024-06-01,Marketing & Brand,Other Employee Benefit,189,103950000.0,112376000.0,2024,6,Jun,8426000.0,8.105820105820104
2024-07-01,Marketing & Brand,Basic Salary,189,1876298000.0,1877685000.0,2024,7,Jul,1387000.0,0.07392215948639289
2024-07-01,Marketing & Brand,Fixed Allowance,189,281445000.0,278531000.0,2024,7,Jul,-2914000.0,-1.035371031640285
2024-07-01,Marketing & Brand,Variable Allowance/Incentive,189,150104000.0,142912000.0,2024,7,Jul,-7192000.0,-4.7913446676970635
2024-07-01,Marketing & Brand,Overtime,189,56289000.0,59415000.0,2024,7,Jul,3126000.0,5.553482918509833
2024-07-01,Marketing & Brand,BPJS (Kesehatan & Ketenagakerjaan),189,134643000.0,133385000.0,2024,7,Jul,-1258000.0,-0.934322616103325
2024-07-01,Marketing & Brand,THR & Bonus Tahunan,189,156358000.0,0.0,2024,7,Jul,-156358000.0,-100.0
2024-07-01,Marketing & Brand,Training & Development,189,28350000.0,41985000.0,2024,7,Jul,13635000.0,48.095238095238095
2024-07-01,Marketing & Brand,Recruitment Cost,189,2894000.0,3465000.0,2024,7,Jul,571000.0,19.730476848652383
2024-07-01,Marketing & Brand,Other Employee Benefit,189,103950000.0,102009000.0,2024,7,Jul,-1941000.0,-1.8672438672438674
2024-08-01,Marketing & Brand,Basic Salary,189,1876298000.0,1891231000.0,2024,8,Aug,14933000.0,0.795875708442902
2024-08-01,Marketing & Brand,Fixed Allowance,189,281445000.0,287347000.0,2024,8,Aug,5902000.0,2.097034944660591
2024-08-01,Marketing & Brand,Variable Allowance/Incentive,189,150104000.0,154230000.0,2024,8,Aug,4126000.0,2.7487608591376644
2024-08-01,Marketing & Brand,Overtime,189,56289000.0,54169000.0,2024,8,Aug,-2120000.0,-3.7662776030840837
2024-08-01,Marketing & Brand,BPJS (Kesehatan & Ketenagakerjaan),189,134643000.0,133219000.0,2024,8,Aug,-1424000.0,-1.0576116099611566
2024-08-01,Marketing & Brand,THR & Bonus Tahunan,189,156358000.0,0.0,2024,8,Aug,-156358000.0,-100.0
2024-08-01,Marketing & Brand,Training & Development,189,28350000.0,25358000.0,2024,8,Aug,-2992000.0,-10.55379188712522
2024-08-01,Marketing & Brand,Recruitment Cost,189,2894000.0,5749000.0,2024,8,Aug,2855000.0,98.65238424326192
2024-08-01,Marketing & Brand,Other Employee Benefit,189,103950000.0,108824000.0,2024,8,Aug,4874000.0,4.688792688792689
2024-09-01,Marketing & Brand,Basic Salary,189,1876298000.0,1879388000.0,2024,9,Sep,3090000.0,0.16468599337631867
2024-09-01,Marketing & Brand,Fixed Allowance,189,281445000.0,279404000.0,2024,9,Sep,-2041000.0,-0.7251860931976053
2024-09-01,Marketing & Brand,Variable Allowance/Incentive,189,150104000.0,157114000.0,2024,9,Sep,7010000.0,4.670095400522305
2024-09-01,Marketing & Brand,Overtime,189,56289000.0,59348000.0,2024,9,Sep,3059000.0,5.434454333884062
2024-09-01,Marketing & Brand,BPJS (Kesehatan & Ketenagakerjaan),189,134643000.0,136832000.0,2024,9,Sep,2189000.0,1.6257807684023677
2024-09-01,Marketing & Brand,THR & Bonus Tahunan,189,156358000.0,0.0,2024,9,Sep,-156358000.0,-100.0
2024-09-01,Marketing & Brand,Training & Development,189,28350000.0,24733000.0,2024,9,Sep,-3617000.0,-12.758377425044094
2024-09-01,Marketing & Brand,Recruitment Cost,189,2894000.0,3712000.0,2024,9,Sep,818000.0,28.265376641326885
2024-09-01,Marketing & Brand,Other Employee Benefit,189,103950000.0,94862000.0,2024,9,Sep,-9088000.0,-8.742664742664742
2024-10-01,Marketing & Brand,Basic Salary,189,1876298000.0,1892886000.0,2024,10,Oct,16588000.0,0.8840813133095062
2024-10-01,Marketing & Brand,Fixed Allowance,189,281445000.0,276093000.0,2024,10,Oct,-5352000.0,-1.9016148803496242
2024-10-01,Marketing & Brand,Variable Allowance/Incentive,189,150104000.0,140006000.0,2024,10,Oct,-10098000.0,-6.727335713905027
2024-10-01,Marketing & Brand,Overtime,189,56289000.0,56242000.0,2024,10,Oct,-47000.0,-0.08349766384195846
2024-10-01,Marketing & Brand,BPJS (Kesehatan & Ketenagakerjaan),189,134643000.0,136046000.0,2024,10,Oct,1403000.0,1.0420148095333586
2024-10-01,Marketing & Brand,THR & Bonus Tahunan,189,156358000.0,0.0,2024,10,Oct,-156358000.0,-100.0
2024-10-01,Marketing & Brand,Training & Development,189,28350000.0,23839000.0,2024,10,Oct,-4511000.0,-15.911816578483245
2024-10-01,Marketing & Brand,Recruitment Cost,189,2894000.0,470000.0,2024,10,Oct,-2424000.0,-83.75950241879751
2024-10-01,Marketing & Brand,Other Employee Benefit,189,103950000.0,99427000.0,2024,10,Oct,-4523000.0,-4.351130351130352
2024-11-01,Marketing & Brand,Basic Salary,190,1886225000.0,1892697000.0,2024,11,Nov,6472000.0,0.343119193097324
2024-11-01,Marketing & Brand,Fixed Allowance,190,282934000.0,290425000.0,2024,11,Nov,7491000.0,2.6476139311641584
2024-11-01,Marketing & Brand,Variable Allowance/Incentive,190,150898000.0,137235000.0,2024,11,Nov,-13663000.0,-9.054460629034182
2024-11-01,Marketing & Brand,Overtime,190,56587000.0,47310000.0,2024,11,Nov,-9277000.0,-16.39422482195557
2024-11-01,Marketing & Brand,BPJS (Kesehatan & Ketenagakerjaan),190,135356000.0,136295000.0,2024,11,Nov,939000.0,0.6937261739413103
2024-11-01,Marketing & Brand,THR & Bonus Tahunan,190,157185000.0,0.0,2024,11,Nov,-157185000.0,-100.0
2024-11-01,Marketing & Brand,Training & Development,190,28500000.0,29526000.0,2024,11,Nov,1026000.0,3.5999999999999996
2024-11-01,Marketing & Brand,Recruitment Cost,190,2909000.0,3914000.0,2024,11,Nov,1005000.0,34.54795462358199
2024-11-01,Marketing & Brand,Other Employee Benefit,190,104500000.0,109375000.0,2024,11,Nov,4875000.0,4.6650717703349285
2024-12-01,Marketing & Brand,Basic Salary,191,1896152000.0,1903844000.0,2024,12,Dec,7692000.0,0.40566368097072386
2024-12-01,Marketing & Brand,Fixed Allowance,191,284423000.0,288490000.0,2024,12,Dec,4067000.0,1.4299124894962785
2024-12-01,Marketing & Brand,Variable Allowance/Incentive,191,151692000.0,157789000.0,2024,12,Dec,6097000.0,4.019328639611845
2024-12-01,Marketing & Brand,Overtime,191,56885000.0,61762000.0,2024,12,Dec,4877000.0,8.57343763733849
2024-12-01,Marketing & Brand,BPJS (Kesehatan & Ketenagakerjaan),191,136068000.0,138126000.0,2024,12,Dec,2058000.0,1.512479054590352
2024-12-01,Marketing & Brand,THR & Bonus Tahunan,191,158013000.0,854299000.0,2024,12,Dec,696286000.0,440.6510856701664
2024-12-01,Marketing & Brand,Training & Development,191,28650000.0,35232000.0,2024,12,Dec,6582000.0,22.973821989528794
2024-12-01,Marketing & Brand,Recruitment Cost,191,2924000.0,3503000.0,2024,12,Dec,579000.0,19.801641586867305
2024-12-01,Marketing & Brand,Other Employee Benefit,191,105050000.0,105821000.0,2024,12,Dec,771000.0,0.7339362208472157
2023-01-01,R&D (Riset & Pengembangan),Basic Salary,141,1480500000.0,1468405000.0,2023,1,Jan,-12095000.0,-0.8169537318473488
2023-01-01,R&D (Riset & Pengembangan),Fixed Allowance,141,222075000.0,223712000.0,2023,1,Jan,1637000.0,0.7371383541596307
2023-01-01,R&D (Riset & Pengembangan),Variable Allowance/Incentive,141,74025000.0,71696000.0,2023,1,Jan,-2329000.0,-3.1462343802769333
2023-01-01,R&D (Riset & Pengembangan),Overtime,141,44415000.0,44543000.0,2023,1,Jan,128000.0,0.28819092648879885
2023-01-01,R&D (Riset & Pengembangan),BPJS (Kesehatan & Ketenagakerjaan),141,106241000.0,108278000.0,2023,1,Jan,2037000.0,1.9173388804698752
2023-01-01,R&D (Riset & Pengembangan),THR & Bonus Tahunan,141,123375000.0,0.0,2023,1,Jan,-123375000.0,-100.0
2023-01-01,R&D (Riset & Pengembangan),Training & Development,141,21150000.0,34810000.0,2023,1,Jan,13660000.0,64.58628841607566
2023-01-01,R&D (Riset & Pengembangan),Recruitment Cost,141,4311000.0,5451000.0,2023,1,Jan,1140000.0,26.443980514961723
2023-01-01,R&D (Riset & Pengembangan),Other Employee Benefit,141,77550000.0,72277000.0,2023,1,Jan,-5273000.0,-6.799484203739523
2023-02-01,R&D (Riset & Pengembangan),Basic Salary,142,1491000000.0,1500624000.0,2023,2,Feb,9624000.0,0.6454728370221329
2023-02-01,R&D (Riset & Pengembangan),Fixed Allowance,142,223650000.0,233326000.0,2023,2,Feb,9676000.0,4.326402861614129
2023-02-01,R&D (Riset & Pengembangan),Variable Allowance/Incentive,142,74550000.0,72714000.0,2023,2,Feb,-1836000.0,-2.4627766599597587
2023-02-01,R&D (Riset & Pengembangan),Overtime,142,44730000.0,45710000.0,2023,2,Feb,980000.0,2.190923317683881
2023-02-01,R&D (Riset & Pengembangan),BPJS (Kesehatan & Ketenagakerjaan),142,106994000.0,107394000.0,2023,2,Feb,400000.0,0.373852739405948
2023-02-01,R&D (Riset & Pengembangan),THR & Bonus Tahunan,142,124250000.0,0.0,2023,2,Feb,-124250000.0,-100.0
2023-02-01,R&D (Riset & Pengembangan),Training & Development,142,21300000.0,26340000.0,2023,2,Feb,5040000.0,23.661971830985916
2023-02-01,R&D (Riset & Pengembangan),Recruitment Cost,142,4341000.0,5297000.0,2023,2,Feb,956000.0,22.02257544344621
2023-02-01,R&D (Riset & Pengembangan),Other Employee Benefit,142,78100000.0,79190000.0,2023,2,Feb,1090000.0,1.3956466069142126
2023-03-01,R&D (Riset & Pengembangan),Basic Salary,143,1501500000.0,1504302000.0,2023,3,Mar,2802000.0,0.1866133866133866
2023-03-01,R&D (Riset & Pengembangan),Fixed Allowance,143,225225000.0,223214000.0,2023,3,Mar,-2011000.0,-0.8928848928848929
2023-03-01,R&D (Riset & Pengembangan),Variable Allowance/Incentive,143,75075000.0,76241000.0,2023,3,Mar,1166000.0,1.5531135531135531
2023-03-01,R&D (Riset & Pengembangan),Overtime,143,45045000.0,49881000.0,2023,3,Mar,4836000.0,10.735930735930737
2023-03-01,R&D (Riset & Pengembangan),BPJS (Kesehatan & Ketenagakerjaan),143,107748000.0,106089000.0,2023,3,Mar,-1659000.0,-1.5397037532019155
2023-03-01,R&D (Riset & Pengembangan),THR & Bonus Tahunan,143,125125000.0,0.0,2023,3,Mar,-125125000.0,-100.0
2023-03-01,R&D (Riset & Pengembangan),Training & Development,143,21450000.0,21878000.0,2023,3,Mar,428000.0,1.9953379953379955
2023-03-01,R&D (Riset & Pengembangan),Recruitment Cost,143,4372000.0,4508000.0,2023,3,Mar,136000.0,3.110704483074108
2023-03-01,R&D (Riset & Pengembangan),Other Employee Benefit,143,78650000.0,83350000.0,2023,3,Mar,4700000.0,5.975842339478703
2023-04-01,R&D (Riset & Pengembangan),Basic Salary,143,1501500000.0,1493108000.0,2023,4,Apr,-8392000.0,-0.5589077589077589
2023-04-01,R&D (Riset & Pengembangan),Fixed Allowance,143,225225000.0,226924000.0,2023,4,Apr,1699000.0,0.7543567543567543
2023-04-01,R&D (Riset & Pengembangan),Variable Allowance/Incentive,143,75075000.0,84478000.0,2023,4,Apr,9403000.0,12.524808524808526
2023-04-01,R&D (Riset & Pengembangan),Overtime,143,45045000.0,44749000.0,2023,4,Apr,-296000.0,-0.6571206571206571
2023-04-01,R&D (Riset & Pengembangan),BPJS (Kesehatan & Ketenagakerjaan),143,107748000.0,106850000.0,2023,4,Apr,-898000.0,-0.833426142480603
2023-04-01,R&D (Riset & Pengembangan),THR & Bonus Tahunan,143,125125000.0,1586237000.0,2023,4,Apr,1461112000.0,1167.7218781218783
2023-04-01,R&D (Riset & Pengembangan),Training & Development,143,21450000.0,16791000.0,2023,4,Apr,-4659000.0,-21.72027972027972
2023-04-01,R&D (Riset & Pengembangan),Recruitment Cost,143,4372000.0,2461000.0,2023,4,Apr,-1911000.0,-43.7099725526075
2023-04-01,R&D (Riset & Pengembangan),Other Employee Benefit,143,78650000.0,80380000.0,2023,4,Apr,1730000.0,2.1996185632549268
2023-05-01,R&D (Riset & Pengembangan),Basic Salary,144,1512000000.0,1496559000.0,2023,5,May,-15441000.0,-1.0212301587301587
2023-05-01,R&D (Riset & Pengembangan),Fixed Allowance,144,226800000.0,230013000.0,2023,5,May,3213000.0,1.4166666666666665
2023-05-01,R&D (Riset & Pengembangan),Variable Allowance/Incentive,144,75600000.0,77075000.0,2023,5,May,1475000.0,1.951058201058201
2023-05-01,R&D (Riset & Pengembangan),Overtime,144,45360000.0,42801000.0,2023,5,May,-2559000.0,-5.641534391534392
2023-05-01,R&D (Riset & Pengembangan),BPJS (Kesehatan & Ketenagakerjaan),144,108501000.0,106417000.0,2023,5,May,-2084000.0,-1.9207196247039198
2023-05-01,R&D (Riset & Pengembangan),THR & Bonus Tahunan,144,126000000.0,0.0,2023,5,May,-126000000.0,-100.0
2023-05-01,R&D (Riset & Pengembangan),Training & Development,144,21600000.0,24427000.0,2023,5,May,2827000.0,13.087962962962962
2023-05-01,R&D (Riset & Pengembangan),Recruitment Cost,144,4403000.0,6398000.0,2023,5,May,1995000.0,45.310015898251194
2023-05-01,R&D (Riset & Pengembangan),Other Employee Benefit,144,79200000.0,78807000.0,2023,5,May,-393000.0,-0.4962121212121212
2023-06-01,R&D (Riset & Pengembangan),Basic Salary,145,1522500000.0,1506208000.0,2023,6,Jun,-16292000.0,-1.0700821018062399
2023-06-01,R&D (Riset & Pengembangan),Fixed Allowance,145,228375000.0,221407000.0,2023,6,Jun,-6968000.0,-3.0511220580186094
2023-06-01,R&D (Riset & Pengembangan),Variable Allowance/Incentive,145,76125000.0,71911000.0,2023,6,Jun,-4214000.0,-5.535632183908046
2023-06-01,R&D (Riset & Pengembangan),Overtime,145,45675000.0,45467000.0,2023,6,Jun,-208000.0,-0.4553913519430761
2023-06-01,R&D (Riset & Pengembangan),BPJS (Kesehatan & Ketenagakerjaan),145,109255000.0,109653000.0,2023,6,Jun,398000.0,0.3642853873964578
2023-06-01,R&D (Riset & Pengembangan),THR & Bonus Tahunan,145,126875000.0,0.0,2023,6,Jun,-126875000.0,-100.0
2023-06-01,R&D (Riset & Pengembangan),Training & Development,145,21750000.0,20963000.0,2023,6,Jun,-787000.0,-3.6183908045977016
2023-06-01,R&D (Riset & Pengembangan),Recruitment Cost,145,4433000.0,6029000.0,2023,6,Jun,1596000.0,36.002706970448905
2023-06-01,R&D (Riset & Pengembangan),Other Employee Benefit,145,79750000.0,74759000.0,2023,6,Jun,-4991000.0,-6.258307210031348
2023-07-01,R&D (Riset & Pengembangan),Basic Salary,146,1533000000.0,1531741000.0,2023,7,Jul,-1259000.0,-0.08212654924983692
2023-07-01,R&D (Riset & Pengembangan),Fixed Allowance,146,229950000.0,235088000.0,2023,7,Jul,5138000.0,2.234398782343988
2023-07-01,R&D (Riset & Pengembangan),Variable Allowance/Incentive,146,76650000.0,78752000.0,2023,7,Jul,2102000.0,2.742335290280496
2023-07-01,R&D (Riset & Pengembangan),Overtime,146,45990000.0,48091000.0,2023,7,Jul,2101000.0,4.56838443139813
2023-07-01,R&D (Riset & Pengembangan),BPJS (Kesehatan & Ketenagakerjaan),146,110008000.0,110948000.0,2023,7,Jul,940000.0,0.8544833103047051
2023-07-01,R&D (Riset & Pengembangan),THR & Bonus Tahunan,146,127750000.0,0.0,2023,7,Jul,-127750000.0,-100.0
2023-07-01,R&D (Riset & Pengembangan),Training & Development,146,21900000.0,37393000.0,2023,7,Jul,15493000.0,70.74429223744292
2023-07-01,R&D (Riset & Pengembangan),Recruitment Cost,146,4464000.0,6476000.0,2023,7,Jul,2012000.0,45.07168458781362
2023-07-01,R&D (Riset & Pengembangan),Other Employee Benefit,146,80300000.0,85637000.0,2023,7,Jul,5337000.0,6.646326276463263
2023-08-01,R&D (Riset & Pengembangan),Basic Salary,147,1543500000.0,1554443000.0,2023,8,Aug,10943000.0,0.7089731130547456
2023-08-01,R&D (Riset & Pengembangan),Fixed Allowance,147,231525000.0,231109000.0,2023,8,Aug,-416000.0,-0.17967822049454704
2023-08-01,R&D (Riset & Pengembangan),Variable Allowance/Incentive,147,77175000.0,86066000.0,2023,8,Aug,8891000.0,11.520570132815031
2023-08-01,R&D (Riset & Pengembangan),Overtime,147,46305000.0,43173000.0,2023,8,Aug,-3132000.0,-6.763848396501458
2023-08-01,R&D (Riset & Pengembangan),BPJS (Kesehatan & Ketenagakerjaan),147,110762000.0,113754000.0,2023,8,Aug,2992000.0,2.7012874451526696
2023-08-01,R&D (Riset & Pengembangan),THR & Bonus Tahunan,147,128625000.0,0.0,2023,8,Aug,-128625000.0,-100.0
2023-08-01,R&D (Riset & Pengembangan),Training & Development,147,22050000.0,21917000.0,2023,8,Aug,-133000.0,-0.6031746031746033
2023-08-01,R&D (Riset & Pengembangan),Recruitment Cost,147,4494000.0,3608000.0,2023,8,Aug,-886000.0,-19.715175789942144
2023-08-01,R&D (Riset & Pengembangan),Other Employee Benefit,147,80850000.0,81368000.0,2023,8,Aug,518000.0,0.6406926406926406
2023-09-01,R&D (Riset & Pengembangan),Basic Salary,148,1554000000.0,1567064000.0,2023,9,Sep,13064000.0,0.8406692406692408
2023-09-01,R&D (Riset & Pengembangan),Fixed Allowance,148,233100000.0,230057000.0,2023,9,Sep,-3043000.0,-1.3054483054483055
2023-09-01,R&D (Riset & Pengembangan),Variable Allowance/Incentive,148,77700000.0,74927000.0,2023,9,Sep,-2773000.0,-3.5688545688545688
2023-09-01,R&D (Riset & Pengembangan),Overtime,148,46620000.0,37811000.0,2023,9,Sep,-8809000.0,-18.895323895323894
2023-09-01,R&D (Riset & Pengembangan),BPJS (Kesehatan & Ketenagakerjaan),148,111515000.0,110758000.0,2023,9,Sep,-757000.0,-0.6788324440658207
2023-09-01,R&D (Riset & Pengembangan),THR & Bonus Tahunan,148,129500000.0,0.0,2023,9,Sep,-129500000.0,-100.0
2023-09-01,R&D (Riset & Pengembangan),Training & Development,148,22200000.0,14128000.0,2023,9,Sep,-8072000.0,-36.36036036036036
2023-09-01,R&D (Riset & Pengembangan),Recruitment Cost,148,4525000.0,3416000.0,2023,9,Sep,-1109000.0,-24.50828729281768
2023-09-01,R&D (Riset & Pengembangan),Other Employee Benefit,148,81400000.0,84495000.0,2023,9,Sep,3095000.0,3.8022113022113024
2023-10-01,R&D (Riset & Pengembangan),Basic Salary,149,1564500000.0,1571156000.0,2023,10,Oct,6656000.0,0.42543943751997443
2023-10-01,R&D (Riset & Pengembangan),Fixed Allowance,149,234675000.0,230136000.0,2023,10,Oct,-4539000.0,-1.9341642697347394
2023-10-01,R&D (Riset & Pengembangan),Variable Allowance/Incentive,149,78225000.0,77926000.0,2023,10,Oct,-299000.0,-0.382230744646852
2023-10-01,R&D (Riset & Pengembangan),Overtime,149,46935000.0,46918000.0,2023,10,Oct,-17000.0,-0.03622030467668052
2023-10-01,R&D (Riset & Pengembangan),BPJS (Kesehatan & Ketenagakerjaan),149,112269000.0,110318000.0,2023,10,Oct,-1951000.0,-1.7377904853521455
2023-10-01,R&D (Riset & Pengembangan),THR & Bonus Tahunan,149,130375000.0,0.0,2023,10,Oct,-130375000.0,-100.0
2023-10-01,R&D (Riset & Pengembangan),Training & Development,149,22350000.0,27390000.0,2023,10,Oct,5040000.0,22.550335570469798
2023-10-01,R&D (Riset & Pengembangan),Recruitment Cost,149,4555000.0,6943000.0,2023,10,Oct,2388000.0,52.42590559824368
2023-10-01,R&D (Riset & Pengembangan),Other Employee Benefit,149,81950000.0,81045000.0,2023,10,Oct,-905000.0,-1.1043319097010371
2023-11-01,R&D (Riset & Pengembangan),Basic Salary,149,1564500000.0,1567760000.0,2023,11,Nov,3260000.0,0.20837328219878554
2023-11-01,R&D (Riset & Pengembangan),Fixed Allowance,149,234675000.0,225092000.0,2023,11,Nov,-9583000.0,-4.08351976137211
2023-11-01,R&D (Riset & Pengembangan),Variable Allowance/Incentive,149,78225000.0,76678000.0,2023,11,Nov,-1547000.0,-1.977628635346756
2023-11-01,R&D (Riset & Pengembangan),Overtime,149,46935000.0,43734000.0,2023,11,Nov,-3201000.0,-6.820070310003196
2023-11-01,R&D (Riset & Pengembangan),BPJS (Kesehatan & Ketenagakerjaan),149,112269000.0,110582000.0,2023,11,Nov,-1687000.0,-1.502640978364464
2023-11-01,R&D (Riset & Pengembangan),THR & Bonus Tahunan,149,130375000.0,0.0,2023,11,Nov,-130375000.0,-100.0
2023-11-01,R&D (Riset & Pengembangan),Training & Development,149,22350000.0,21408000.0,2023,11,Nov,-942000.0,-4.214765100671141
2023-11-01,R&D (Riset & Pengembangan),Recruitment Cost,149,4555000.0,8253000.0,2023,11,Nov,3698000.0,81.185510428101
2023-11-01,R&D (Riset & Pengembangan),Other Employee Benefit,149,81950000.0,84576000.0,2023,11,Nov,2626000.0,3.2043929225137275
2023-12-01,R&D (Riset & Pengembangan),Basic Salary,150,1575000000.0,1584018000.0,2023,12,Dec,9018000.0,0.5725714285714285
2023-12-01,R&D (Riset & Pengembangan),Fixed Allowance,150,236250000.0,242862000.0,2023,12,Dec,6612000.0,2.7987301587301587
2023-12-01,R&D (Riset & Pengembangan),Variable Allowance/Incentive,150,78750000.0,84575000.0,2023,12,Dec,5825000.0,7.396825396825397
2023-12-01,R&D (Riset & Pengembangan),Overtime,150,47250000.0,47532000.0,2023,12,Dec,282000.0,0.5968253968253968
2023-12-01,R&D (Riset & Pengembangan),BPJS (Kesehatan & Ketenagakerjaan),150,113022000.0,111925000.0,2023,12,Dec,-1097000.0,-0.9706074923466227
2023-12-01,R&D (Riset & Pengembangan),THR & Bonus Tahunan,150,131250000.0,695854000.0,2023,12,Dec,564604000.0,430.1744761904762
2023-12-01,R&D (Riset & Pengembangan),Training & Development,150,22500000.0,23827000.0,2023,12,Dec,1327000.0,5.897777777777778
2023-12-01,R&D (Riset & Pengembangan),Recruitment Cost,150,4586000.0,6709000.0,2023,12,Dec,2123000.0,46.29306585259486
2023-12-01,R&D (Riset & Pengembangan),Other Employee Benefit,150,82500000.0,80110000.0,2023,12,Dec,-2390000.0,-2.896969696969697
2024-01-01,R&D (Riset & Pengembangan),Basic Salary,151,1656848000.0,1658745000.0,2024,1,Jan,1897000.0,0.11449451005765164
2024-01-01,R&D (Riset & Pengembangan),Fixed Allowance,151,248527000.0,253250000.0,2024,1,Jan,4723000.0,1.9003971399485768
2024-01-01,R&D (Riset & Pengembangan),Variable Allowance/Incentive,151,82842000.0,81530000.0,2024,1,Jan,-1312000.0,-1.5837377175828684
2024-01-01,R&D (Riset & Pengembangan),Overtime,151,49705000.0,56253000.0,2024,1,Jan,6548000.0,13.173724977366463
2024-01-01,R&D (Riset & Pengembangan),BPJS (Kesehatan & Ketenagakerjaan),151,118895000.0,119611000.0,2024,1,Jan,716000.0,0.602212035829934
2024-01-01,R&D (Riset & Pengembangan),THR & Bonus Tahunan,151,138071000.0,0.0,2024,1,Jan,-138071000.0,-100.0
2024-01-01,R&D (Riset & Pengembangan),Training & Development,151,22650000.0,48104000.0,2024,1,Jan,25454000.0,112.37969094922737
2024-01-01,R&D (Riset & Pengembangan),Recruitment Cost,151,4617000.0,5238000.0,2024,1,Jan,621000.0,13.450292397660817
2024-01-01,R&D (Riset & Pengembangan),Other Employee Benefit,151,83050000.0,83899000.0,2024,1,Jan,849000.0,1.0222757375075255
2024-02-01,R&D (Riset & Pengembangan),Basic Salary,151,1656848000.0,1648078000.0,2024,2,Feb,-8770000.0,-0.5293183200872983
2024-02-01,R&D (Riset & Pengembangan),Fixed Allowance,151,248527000.0,251602000.0,2024,2,Feb,3075000.0,1.2372901133478453
2024-02-01,R&D (Riset & Pengembangan),Variable Allowance/Incentive,151,82842000.0,90327000.0,2024,2,Feb,7485000.0,9.035271963496777
2024-02-01,R&D (Riset & Pengembangan),Overtime,151,49705000.0,64443000.0,2024,2,Feb,14738000.0,29.650940549240516
2024-02-01,R&D (Riset & Pengembangan),BPJS (Kesehatan & Ketenagakerjaan),151,118895000.0,118723000.0,2024,2,Feb,-172000.0,-0.14466546112115733
2024-02-01,R&D (Riset & Pengembangan),THR & Bonus Tahunan,151,138071000.0,0.0,2024,2,Feb,-138071000.0,-100.0
2024-02-01,R&D (Riset & Pengembangan),Training & Development,151,22650000.0,19479000.0,2024,2,Feb,-3171000.0,-14.000000000000002
2024-02-01,R&D (Riset & Pengembangan),Recruitment Cost,151,4617000.0,6858000.0,2024,2,Feb,2241000.0,48.53801169590643
2024-02-01,R&D (Riset & Pengembangan),Other Employee Benefit,151,83050000.0,78367000.0,2024,2,Feb,-4683000.0,-5.638771824202288
2024-03-01,R&D (Riset & Pengembangan),Basic Salary,152,1667820000.0,1659443000.0,2024,3,Mar,-8377000.0,-0.5022724274801836
2024-03-01,R&D (Riset & Pengembangan),Fixed Allowance,152,250173000.0,251232000.0,2024,3,Mar,1059000.0,0.4233070715065175
2024-03-01,R&D (Riset & Pengembangan),Variable Allowance/Incentive,152,83391000.0,90670000.0,2024,3,Mar,7279000.0,8.728759698288783
2024-03-01,R&D (Riset & Pengembangan),Overtime,152,50035000.0,49481000.0,2024,3,Mar,-554000.0,-1.1072249425402219
2024-03-01,R&D (Riset & Pengembangan),BPJS (Kesehatan & Ketenagakerjaan),152,119683000.0,121358000.0,2024,3,Mar,1675000.0,1.399530426209236
2024-03-01,R&D (Riset & Pengembangan),THR & Bonus Tahunan,152,138985000.0,0.0,2024,3,Mar,-138985000.0,-100.0
2024-03-01,R&D (Riset & Pengembangan),Training & Development,152,22800000.0,25786000.0,2024,3,Mar,2986000.0,13.096491228070176
2024-03-01,R&D (Riset & Pengembangan),Recruitment Cost,152,4647000.0,3101000.0,2024,3,Mar,-1546000.0,-33.268775554120936
2024-03-01,R&D (Riset & Pengembangan),Other Employee Benefit,152,83600000.0,79831000.0,2024,3,Mar,-3769000.0,-4.508373205741627
2024-04-01,R&D (Riset & Pengembangan),Basic Salary,152,1667820000.0,1701205000.0,2024,4,Apr,33385000.0,2.0017148133491625
2024-04-01,R&D (Riset & Pengembangan),Fixed Allowance,152,250173000.0,249646000.0,2024,4,Apr,-527000.0,-0.21065422727472588
2024-04-01,R&D (Riset & Pengembangan),Variable Allowance/Incentive,152,83391000.0,95271000.0,2024,4,Apr,11880000.0,14.246141669964384
2024-04-01,R&D (Riset & Pengembangan),Overtime,152,50035000.0,41864000.0,2024,4,Apr,-8171000.0,-16.330568601978616
2024-04-01,R&D (Riset & Pengembangan),BPJS (Kesehatan & Ketenagakerjaan),152,119683000.0,118655000.0,2024,4,Apr,-1028000.0,-0.8589356884436387
2024-04-01,R&D (Riset & Pengembangan),THR & Bonus Tahunan,152,138985000.0,1707873000.0,2024,4,Apr,1568888000.0,1128.8182177932872
2024-04-01,R&D (Riset & Pengembangan),Training & Development,152,22800000.0,23413000.0,2024,4,Apr,613000.0,2.68859649122807
2024-04-01,R&D (Riset & Pengembangan),Recruitment Cost,152,4647000.0,6583000.0,2024,4,Apr,1936000.0,41.6612868517323
2024-04-01,R&D (Riset & Pengembangan),Other Employee Benefit,152,83600000.0,78359000.0,2024,4,Apr,-5241000.0,-6.269138755980862
2024-05-01,R&D (Riset & Pengembangan),Basic Salary,154,1689765000.0,1702895000.0,2024,5,May,13130000.0,0.7770311256298953
2024-05-01,R&D (Riset & Pengembangan),Fixed Allowance,154,253465000.0,255501000.0,2024,5,May,2036000.0,0.803266723216223
2024-05-01,R&D (Riset & Pengembangan),Variable Allowance/Incentive,154,84488000.0,79854000.0,2024,5,May,-4634000.0,-5.484802575513682
2024-05-01,R&D (Riset & Pengembangan),Overtime,154,50693000.0,52334000.0,2024,5,May,1641000.0,3.237133332018227
2024-05-01,R&D (Riset & Pengembangan),BPJS (Kesehatan & Ketenagakerjaan),154,121258000.0,120727000.0,2024,5,May,-531000.0,-0.43790925134836467
2024-05-01,R&D (Riset & Pengembangan),THR & Bonus Tahunan,154,140814000.0,0.0,2024,5,May,-140814000.0,-100.0
2024-05-01,R&D (Riset & Pengembangan),Training & Development,154,23100000.0,17381000.0,2024,5,May,-5719000.0,-24.757575757575758
2024-05-01,R&D (Riset & Pengembangan),Recruitment Cost,154,4708000.0,5811000.0,2024,5,May,1103000.0,23.42820730671198
2024-05-01,R&D (Riset & Pengembangan),Other Employee Benefit,154,84700000.0,84036000.0,2024,5,May,-664000.0,-0.7839433293978749
2024-06-01,R&D (Riset & Pengembangan),Basic Salary,155,1700738000.0,1662736000.0,2024,6,Jun,-38002000.0,-2.2344417541090986
2024-06-01,R&D (Riset & Pengembangan),Fixed Allowance,155,255111000.0,256311000.0,2024,6,Jun,1200000.0,0.4703834801321778
2024-06-01,R&D (Riset & Pengembangan),Variable Allowance/Incentive,155,85037000.0,77176000.0,2024,6,Jun,-7861000.0,-9.244211343297623
2024-06-01,R&D (Riset & Pengembangan),Overtime,155,51022000.0,52651000.0,2024,6,Jun,1629000.0,3.192740386499941
2024-06-01,R&D (Riset & Pengembangan),BPJS (Kesehatan & Ketenagakerjaan),155,122045000.0,122730000.0,2024,6,Jun,685000.0,0.5612683846122333
2024-06-01,R&D (Riset & Pengembangan),THR & Bonus Tahunan,155,141728000.0,0.0,2024,6,Jun,-141728000.0,-100.0
2024-06-01,R&D (Riset & Pengembangan),Training & Development,155,23250000.0,22947000.0,2024,6,Jun,-303000.0,-1.303225806451613
2024-06-01,R&D (Riset & Pengembangan),Recruitment Cost,155,4739000.0,7119000.0,2024,6,Jun,2380000.0,50.22156573116692
2024-06-01,R&D (Riset & Pengembangan),Other Employee Benefit,155,85250000.0,79940000.0,2024,6,Jun,-5310000.0,-6.228739002932551
2024-07-01,R&D (Riset & Pengembangan),Basic Salary,156,1711710000.0,1699590000.0,2024,7,Jul,-12120000.0,-0.7080638659586028
2024-07-01,R&D (Riset & Pengembangan),Fixed Allowance,156,256756000.0,248767000.0,2024,7,Jul,-7989000.0,-3.111514433937279
2024-07-01,R&D (Riset & Pengembangan),Variable Allowance/Incentive,156,85586000.0,83720000.0,2024,7,Jul,-1866000.0,-2.1802631271469632
2024-07-01,R&D (Riset & Pengembangan),Overtime,156,51351000.0,40592000.0,2024,7,Jul,-10759000.0,-20.95188019707503
2024-07-01,R&D (Riset & Pengembangan),BPJS (Kesehatan & Ketenagakerjaan),156,122832000.0,123301000.0,2024,7,Jul,469000.0,0.3818223264295949
2024-07-01,R&D (Riset & Pengembangan),THR & Bonus Tahunan,156,142642000.0,0.0,2024,7,Jul,-142642000.0,-100.0
2024-07-01,R&D (Riset & Pengembangan),Training & Development,156,23400000.0,35984000.0,2024,7,Jul,12584000.0,53.77777777777778
2024-07-01,R&D (Riset & Pengembangan),Recruitment Cost,156,4769000.0,7801000.0,2024,7,Jul,3032000.0,63.57726986789684
2024-07-01,R&D (Riset & Pengembangan),Other Employee Benefit,156,85800000.0,88584000.0,2024,7,Jul,2784000.0,3.244755244755245
2024-08-01,R&D (Riset & Pengembangan),Basic Salary,156,1711710000.0,1697359000.0,2024,8,Aug,-14351000.0,-0.8384013647171541
2024-08-01,R&D (Riset & Pengembangan),Fixed Allowance,156,256756000.0,259430000.0,2024,8,Aug,2674000.0,1.0414557011325927
2024-08-01,R&D (Riset & Pengembangan),Variable Allowance/Incentive,156,85586000.0,91385000.0,2024,8,Aug,5799000.0,6.77564087584418
2024-08-01,R&D (Riset & Pengembangan),Overtime,156,51351000.0,57629000.0,2024,8,Aug,6278000.0,12.225662596638818
2024-08-01,R&D (Riset & Pengembangan),BPJS (Kesehatan & Ketenagakerjaan),156,122832000.0,125070000.0,2024,8,Aug,2238000.0,1.8220007815552952
2024-08-01,R&D (Riset & Pengembangan),THR & Bonus Tahunan,156,142642000.0,0.0,2024,8,Aug,-142642000.0,-100.0
2024-08-01,R&D (Riset & Pengembangan),Training & Development,156,23400000.0,23086000.0,2024,8,Aug,-314000.0,-1.341880341880342
2024-08-01,R&D (Riset & Pengembangan),Recruitment Cost,156,4769000.0,6502000.0,2024,8,Aug,1733000.0,36.33885510589222
2024-08-01,R&D (Riset & Pengembangan),Other Employee Benefit,156,85800000.0,91372000.0,2024,8,Aug,5572000.0,6.494172494172494
2024-09-01,R&D (Riset & Pengembangan),Basic Salary,157,1722682000.0,1729224000.0,2024,9,Sep,6542000.0,0.379756681732322
2024-09-01,R&D (Riset & Pengembangan),Fixed Allowance,157,258402000.0,256713000.0,2024,9,Sep,-1689000.0,-0.6536327118211159
2024-09-01,R&D (Riset & Pengembangan),Variable Allowance/Incentive,157,86134000.0,82338000.0,2024,9,Sep,-3796000.0,-4.407086632456405
2024-09-01,R&D (Riset & Pengembangan),Overtime,157,51680000.0,51931000.0,2024,9,Sep,251000.0,0.4856811145510836
2024-09-01,R&D (Riset & Pengembangan),BPJS (Kesehatan & Ketenagakerjaan),157,123620000.0,122345000.0,2024,9,Sep,-1275000.0,-1.0313865070376962
2024-09-01,R&D (Riset & Pengembangan),THR & Bonus Tahunan,157,143557000.0,0.0,2024,9,Sep,-143557000.0,-100.0
2024-09-01,R&D (Riset & Pengembangan),Training & Development,157,23550000.0,23088000.0,2024,9,Sep,-462000.0,-1.9617834394904456
2024-09-01,R&D (Riset & Pengembangan),Recruitment Cost,157,4800000.0,4448000.0,2024,9,Sep,-352000.0,-7.333333333333333
2024-09-01,R&D (Riset & Pengembangan),Other Employee Benefit,157,86350000.0,85530000.0,2024,9,Sep,-820000.0,-0.9496236247828604
2024-10-01,R&D (Riset & Pengembangan),Basic Salary,158,1733655000.0,1723448000.0,2024,10,Oct,-10207000.0,-0.5887561250652523
2024-10-01,R&D (Riset & Pengembangan),Fixed Allowance,158,260048000.0,260097000.0,2024,10,Oct,49000.0,0.018842675198424908
2024-10-01,R&D (Riset & Pengembangan),Variable Allowance/Incentive,158,86683000.0,87649000.0,2024,10,Oct,966000.0,1.1144053620663796
2024-10-01,R&D (Riset & Pengembangan),Overtime,158,52010000.0,54363000.0,2024,10,Oct,2353000.0,4.524129975004807
2024-10-01,R&D (Riset & Pengembangan),BPJS (Kesehatan & Ketenagakerjaan),158,124407000.0,124158000.0,2024,10,Oct,-249000.0,-0.2001495092719863
2024-10-01,R&D (Riset & Pengembangan),THR & Bonus Tahunan,158,144471000.0,0.0,2024,10,Oct,-144471000.0,-100.0
2024-10-01,R&D (Riset & Pengembangan),Training & Development,158,23700000.0,27560000.0,2024,10,Oct,3860000.0,16.286919831223628
2024-10-01,R&D (Riset & Pengembangan),Recruitment Cost,158,4831000.0,2867000.0,2024,10,Oct,-1964000.0,-40.65410888014904
2024-10-01,R&D (Riset & Pengembangan),Other Employee Benefit,158,86900000.0,99665000.0,2024,10,Oct,12765000.0,14.689298043728424
2024-11-01,R&D (Riset & Pengembangan),Basic Salary,158,1733655000.0,1740648000.0,2024,11,Nov,6993000.0,0.4033674520016958
2024-11-01,R&D (Riset & Pengembangan),Fixed Allowance,158,260048000.0,255167000.0,2024,11,Nov,-4881000.0,-1.8769611763982033
2024-11-01,R&D (Riset & Pengembangan),Variable Allowance/Incentive,158,86683000.0,91151000.0,2024,11,Nov,4468000.0,5.154413206741807
2024-11-01,R&D (Riset & Pengembangan),Overtime,158,52010000.0,53448000.0,2024,11,Nov,1438000.0,2.764852912901365
2024-11-01,R&D (Riset & Pengembangan),BPJS (Kesehatan & Ketenagakerjaan),158,124407000.0,123193000.0,2024,11,Nov,-1214000.0,-0.9758293343622144
2024-11-01,R&D (Riset & Pengembangan),THR & Bonus Tahunan,158,144471000.0,0.0,2024,11,Nov,-144471000.0,-100.0
2024-11-01,R&D (Riset & Pengembangan),Training & Development,158,23700000.0,27515000.0,2024,11,Nov,3815000.0,16.09704641350211
2024-11-01,R&D (Riset & Pengembangan),Recruitment Cost,158,4831000.0,5791000.0,2024,11,Nov,960000.0,19.87166218174291
2024-11-01,R&D (Riset & Pengembangan),Other Employee Benefit,158,86900000.0,89278000.0,2024,11,Nov,2378000.0,2.7364787111622553
2024-12-01,R&D (Riset & Pengembangan),Basic Salary,159,1744628000.0,1744089000.0,2024,12,Dec,-539000.0,-0.030894838326565893
2024-12-01,R&D (Riset & Pengembangan),Fixed Allowance,159,261694000.0,272180000.0,2024,12,Dec,10486000.0,4.006969972563375
2024-12-01,R&D (Riset & Pengembangan),Variable Allowance/Incentive,159,87231000.0,93951000.0,2024,12,Dec,6720000.0,7.703683323589091
2024-12-01,R&D (Riset & Pengembangan),Overtime,159,52339000.0,53949000.0,2024,12,Dec,1610000.0,3.0761000401230443
2024-12-01,R&D (Riset & Pengembangan),BPJS (Kesehatan & Ketenagakerjaan),159,125194000.0,124351000.0,2024,12,Dec,-843000.0,-0.6733549531127689
2024-12-01,R&D (Riset & Pengembangan),THR & Bonus Tahunan,159,145386000.0,848220000.0,2024,12,Dec,702834000.0,483.4261895918452
2024-12-01,R&D (Riset & Pengembangan),Training & Development,159,23850000.0,24091000.0,2024,12,Dec,241000.0,1.0104821802935011
2024-12-01,R&D (Riset & Pengembangan),Recruitment Cost,159,4861000.0,7756000.0,2024,12,Dec,2895000.0,59.55564698621683
2024-12-01,R&D (Riset & Pengembangan),Other Employee Benefit,159,87450000.0,92640000.0,2024,12,Dec,5190000.0,5.934819897084048
2023-01-01,Digital & IT,Basic Salary,91,1001000000.0,989559000.0,2023,1,Jan,-11441000.0,-1.142957042957043
2023-01-01,Digital & IT,Fixed Allowance,91,150150000.0,155055000.0,2023,1,Jan,4905000.0,3.266733266733267
2023-01-01,Digital & IT,Variable Allowance/Incentive,91,60060000.0,54552000.0,2023,1,Jan,-5508000.0,-9.17082917082917
2023-01-01,Digital & IT,Overtime,91,20020000.0,20626000.0,2023,1,Jan,606000.0,3.0269730269730273
2023-01-01,Digital & IT,BPJS (Kesehatan & Ketenagakerjaan),91,71832000.0,71019000.0,2023,1,Jan,-813000.0,-1.1318075509522219
2023-01-01,Digital & IT,THR & Bonus Tahunan,91,83417000.0,0.0,2023,1,Jan,-83417000.0,-100.0
2023-01-01,Digital & IT,Training & Development,91,13650000.0,21630000.0,2023,1,Jan,7980000.0,58.46153846153847
2023-01-01,Digital & IT,Recruitment Cost,91,16817000.0,22748000.0,2023,1,Jan,5931000.0,35.267883689124105
2023-01-01,Digital & IT,Other Employee Benefit,91,50050000.0,50854000.0,2023,1,Jan,804000.0,1.6063936063936066
2023-02-01,Digital & IT,Basic Salary,93,1023000000.0,1039508000.0,2023,2,Feb,16508000.0,1.6136852394916912
2023-02-01,Digital & IT,Fixed Allowance,93,153450000.0,154842000.0,2023,2,Feb,1392000.0,0.9071358748778103
2023-02-01,Digital & IT,Variable Allowance/Incentive,93,61380000.0,60181000.0,2023,2,Feb,-1199000.0,-1.9534050179211468
2023-02-01,Digital & IT,Overtime,93,20460000.0,22433000.0,2023,2,Feb,1973000.0,9.643206256109483
2023-02-01,Digital & IT,BPJS (Kesehatan & Ketenagakerjaan),93,73410000.0,74720000.0,2023,2,Feb,1310000.0,1.7844980247922626
2023-02-01,Digital & IT,THR & Bonus Tahunan,93,85250000.0,0.0,2023,2,Feb,-85250000.0,-100.0
2023-02-01,Digital & IT,Training & Development,93,13950000.0,11381000.0,2023,2,Feb,-2569000.0,-18.415770609318997
2023-02-01,Digital & IT,Recruitment Cost,93,17186000.0,24691000.0,2023,2,Feb,7505000.0,43.66926568136856
2023-02-01,Digital & IT,Other Employee Benefit,93,51150000.0,52943000.0,2023,2,Feb,1793000.0,3.505376344086022
2023-03-01,Digital & IT,Basic Salary,94,1034000000.0,1048225000.0,2023,3,Mar,14225000.0,1.375725338491296
2023-03-01,Digital & IT,Fixed Allowance,94,155100000.0,154635000.0,2023,3,Mar,-465000.0,-0.2998065764023211
2023-03-01,Digital & IT,Variable Allowance/Incentive,94,62040000.0,62663000.0,2023,3,Mar,623000.0,1.0041908446163765
2023-03-01,Digital & IT,Overtime,94,20680000.0,20322000.0,2023,3,Mar,-358000.0,-1.7311411992263055
2023-03-01,Digital & IT,BPJS (Kesehatan & Ketenagakerjaan),94,74200000.0,74217000.0,2023,3,Mar,17000.0,0.022911051212938006
2023-03-01,Digital & IT,THR & Bonus Tahunan,94,86167000.0,0.0,2023,3,Mar,-86167000.0,-100.0
2023-03-01,Digital & IT,Training & Development,94,14100000.0,11781000.0,2023,3,Mar,-2319000.0,-16.4468085106383
2023-03-01,Digital & IT,Recruitment Cost,94,17371000.0,13897000.0,2023,3,Mar,-3474000.0,-19.998848655805652
2023-03-01,Digital & IT,Other Employee Benefit,94,51700000.0,55822000.0,2023,3,Mar,4122000.0,7.972920696324952
2023-04-01,Digital & IT,Basic Salary,95,1045000000.0,1034640000.0,2023,4,Apr,-10360000.0,-0.9913875598086125
2023-04-01,Digital & IT,Fixed Allowance,95,156750000.0,149999000.0,2023,4,Apr,-6751000.0,-4.306858054226476
2023-04-01,Digital & IT,Variable Allowance/Incentive,95,62700000.0,59495000.0,2023,4,Apr,-3205000.0,-5.111642743221691
2023-04-01,Digital & IT,Overtime,95,20900000.0,18135000.0,2023,4,Apr,-2765000.0,-13.229665071770336
2023-04-01,Digital & IT,BPJS (Kesehatan & Ketenagakerjaan),95,74989000.0,76836000.0,2023,4,Apr,1847000.0,2.463027910760245
2023-04-01,Digital & IT,THR & Bonus Tahunan,95,87083000.0,1076658000.0,2023,4,Apr,989575000.0,1136.3584166829346
2023-04-01,Digital & IT,Training & Development,95,14250000.0,12779000.0,2023,4,Apr,-1471000.0,-10.32280701754386
2023-04-01,Digital & IT,Recruitment Cost,95,17556000.0,34302000.0,2023,4,Apr,16746000.0,95.3861927546138
2023-04-01,Digital & IT,Other Employee Benefit,95,52250000.0,54815000.0,2023,4,Apr,2565000.0,4.909090909090909
2023-05-01,Digital & IT,Basic Salary,96,1056000000.0,1029606000.0,2023,5,May,-26394000.0,-2.4994318181818183
2023-05-01,Digital & IT,Fixed Allowance,96,158400000.0,165658000.0,2023,5,May,7258000.0,4.582070707070707
2023-05-01,Digital & IT,Variable Allowance/Incentive,96,63360000.0,56317000.0,2023,5,May,-7043000.0,-11.11584595959596
2023-05-01,Digital & IT,Overtime,96,21120000.0,17645000.0,2023,5,May,-3475000.0,-16.453598484848484
2023-05-01,Digital & IT,BPJS (Kesehatan & Ketenagakerjaan),96,75779000.0,76941000.0,2023,5,May,1162000.0,1.5334063526834611
2023-05-01,Digital & IT,THR & Bonus Tahunan,96,88000000.0,0.0,2023,5,May,-88000000.0,-100.0
2023-05-01,Digital & IT,Training & Development,96,14400000.0,19670000.0,2023,5,May,5270000.0,36.59722222222222
2023-05-01,Digital & IT,Recruitment Cost,96,17741000.0,29850000.0,2023,5,May,12109000.0,68.25432613719632
2023-05-01,Digital & IT,Other Employee Benefit,96,52800000.0,54289000.0,2023,5,May,1489000.0,2.820075757575758
2023-06-01,Digital & IT,Basic Salary,97,1067000000.0,1076106000.0,2023,6,Jun,9106000.0,0.8534208059981255
2023-06-01,Digital & IT,Fixed Allowance,97,160050000.0,162479000.0,2023,6,Jun,2429000.0,1.5176507341455794
2023-06-01,Digital & IT,Variable Allowance/Incentive,97,64020000.0,65460000.0,2023,6,Jun,1440000.0,2.2492970946579196
2023-06-01,Digital & IT,Overtime,97,21340000.0,21562000.0,2023,6,Jun,222000.0,1.0402999062792877
2023-06-01,Digital & IT,BPJS (Kesehatan & Ketenagakerjaan),97,76568000.0,76496000.0,2023,6,Jun,-72000.0,-0.0940340612266221
2023-06-01,Digital & IT,THR & Bonus Tahunan,97,88917000.0,0.0,2023,6,Jun,-88917000.0,-100.0
2023-06-01,Digital & IT,Training & Development,97,14550000.0,12904000.0,2023,6,Jun,-1646000.0,-11.312714776632303
2023-06-01,Digital & IT,Recruitment Cost,97,17925000.0,20834000.0,2023,6,Jun,2909000.0,16.228730822873082
2023-06-01,Digital & IT,Other Employee Benefit,97,53350000.0,48834000.0,2023,6,Jun,-4516000.0,-8.46485473289597
2023-07-01,Digital & IT,Basic Salary,99,1089000000.0,1078234000.0,2023,7,Jul,-10766000.0,-0.9886134067952249
2023-07-01,Digital & IT,Fixed Allowance,99,163350000.0,159745000.0,2023,7,Jul,-3605000.0,-2.206917661463116
2023-07-01,Digital & IT,Variable Allowance/Incentive,99,65340000.0,66280000.0,2023,7,Jul,940000.0,1.4386287113559841
2023-07-01,Digital & IT,Overtime,99,21780000.0,24812000.0,2023,7,Jul,3032000.0,13.921028466483012
2023-07-01,Digital & IT,BPJS (Kesehatan & Ketenagakerjaan),99,78147000.0,79223000.0,2023,7,Jul,1076000.0,1.376892267137574
2023-07-01,Digital & IT,THR & Bonus Tahunan,99,90750000.0,0.0,2023,7,Jul,-90750000.0,-100.0
2023-07-01,Digital & IT,Training & Development,99,14850000.0,18163000.0,2023,7,Jul,3313000.0,22.30976430976431
2023-07-01,Digital & IT,Recruitment Cost,99,18295000.0,17211000.0,2023,7,Jul,-1084000.0,-5.925116151954086
2023-07-01,Digital & IT,Other Employee Benefit,99,54450000.0,57011000.0,2023,7,Jul,2561000.0,4.703397612488522
2023-08-01,Digital & IT,Basic Salary,100,1100000000.0,1097529000.0,2023,8,Aug,-2471000.0,-0.2246363636363636
2023-08-01,Digital & IT,Fixed Allowance,100,165000000.0,166815000.0,2023,8,Aug,1815000.0,1.0999999999999999
2023-08-01,Digital & IT,Variable Allowance/Incentive,100,66000000.0,60887000.0,2023,8,Aug,-5113000.0,-7.746969696969696
2023-08-01,Digital & IT,Overtime,100,22000000.0,22232000.0,2023,8,Aug,232000.0,1.0545454545454545
2023-08-01,Digital & IT,BPJS (Kesehatan & Ketenagakerjaan),100,78936000.0,77356000.0,2023,8,Aug,-1580000.0,-2.001621566838958
2023-08-01,Digital & IT,THR & Bonus Tahunan,100,91667000.0,0.0,2023,8,Aug,-91667000.0,-100.0
2023-08-01,Digital & IT,Training & Development,100,15000000.0,13647000.0,2023,8,Aug,-1353000.0,-9.02
2023-08-01,Digital & IT,Recruitment Cost,100,18480000.0,24946000.0,2023,8,Aug,6466000.0,34.989177489177486
2023-08-01,Digital & IT,Other Employee Benefit,100,55000000.0,50619000.0,2023,8,Aug,-4381000.0,-7.965454545454545
2023-09-01,Digital & IT,Basic Salary,101,1111000000.0,1110782000.0,2023,9,Sep,-218000.0,-0.01962196219621962
2023-09-01,Digital & IT,Fixed Allowance,101,166650000.0,168491000.0,2023,9,Sep,1841000.0,1.1047104710471047
2023-09-01,Digital & IT,Variable Allowance/Incentive,101,66660000.0,67854000.0,2023,9,Sep,1194000.0,1.791179117911791
2023-09-01,Digital & IT,Overtime,101,22220000.0,25251000.0,2023,9,Sep,3031000.0,13.64086408640864
2023-09-01,Digital & IT,BPJS (Kesehatan & Ketenagakerjaan),101,79725000.0,79875000.0,2023,9,Sep,150000.0,0.18814675446848542
2023-09-01,Digital & IT,THR & Bonus Tahunan,101,92583000.0,0.0,2023,9,Sep,-92583000.0,-100.0
2023-09-01,Digital & IT,Training & Development,101,15150000.0,14174000.0,2023,9,Sep,-976000.0,-6.442244224422443
2023-09-01,Digital & IT,Recruitment Cost,101,18665000.0,24044000.0,2023,9,Sep,5379000.0,28.818644521832304
2023-09-01,Digital & IT,Other Employee Benefit,101,55550000.0,57059000.0,2023,9,Sep,1509000.0,2.7164716471647163
2023-10-01,Digital & IT,Basic Salary,102,1122000000.0,1122455000.0,2023,10,Oct,455000.0,0.040552584670231734
2023-10-01,Digital & IT,Fixed Allowance,102,168300000.0,165937000.0,2023,10,Oct,-2363000.0,-1.404040404040404
2023-10-01,Digital & IT,Variable Allowance/Incentive,102,67320000.0,63750000.0,2023,10,Oct,-3570000.0,-5.303030303030303
2023-10-01,Digital & IT,Overtime,102,22440000.0,19293000.0,2023,10,Oct,-3147000.0,-14.024064171122994
2023-10-01,Digital & IT,BPJS (Kesehatan & Ketenagakerjaan),102,80515000.0,82628000.0,2023,10,Oct,2113000.0,2.6243557101161272
2023-10-01,Digital & IT,THR & Bonus Tahunan,102,93500000.0,0.0,2023,10,Oct,-93500000.0,-100.0
2023-10-01,Digital & IT,Training & Development,102,15300000.0,12445000.0,2023,10,Oct,-2855000.0,-18.66013071895425
2023-10-01,Digital & IT,Recruitment Cost,102,18849000.0,19480000.0,2023,10,Oct,631000.0,3.3476577006737758
2023-10-01,Digital & IT,Other Employee Benefit,102,56100000.0,54085000.0,2023,10,Oct,-2015000.0,-3.591800356506239
2023-11-01,Digital & IT,Basic Salary,104,1144000000.0,1140626000.0,2023,11,Nov,-3374000.0,-0.2949300699300699
2023-11-01,Digital & IT,Fixed Allowance,104,171600000.0,175882000.0,2023,11,Nov,4282000.0,2.4953379953379953
2023-11-01,Digital & IT,Variable Allowance/Incentive,104,68640000.0,64942000.0,2023,11,Nov,-3698000.0,-5.387529137529137
2023-11-01,Digital & IT,Overtime,104,22880000.0,23518000.0,2023,11,Nov,638000.0,2.7884615384615388
2023-11-01,Digital & IT,BPJS (Kesehatan & Ketenagakerjaan),104,82093000.0,81065000.0,2023,11,Nov,-1028000.0,-1.2522383150816756
2023-11-01,Digital & IT,THR & Bonus Tahunan,104,95333000.0,0.0,2023,11,Nov,-95333000.0,-100.0
2023-11-01,Digital & IT,Training & Development,104,15600000.0,20620000.0,2023,11,Nov,5020000.0,32.17948717948718
2023-11-01,Digital & IT,Recruitment Cost,104,19219000.0,16891000.0,2023,11,Nov,-2328000.0,-12.113013164056403
2023-11-01,Digital & IT,Other Employee Benefit,104,57200000.0,58086000.0,2023,11,Nov,886000.0,1.548951048951049
2023-12-01,Digital & IT,Basic Salary,105,1155000000.0,1159779000.0,2023,12,Dec,4779000.0,0.4137662337662338
2023-12-01,Digital & IT,Fixed Allowance,105,173250000.0,172608000.0,2023,12,Dec,-642000.0,-0.37056277056277054
2023-12-01,Digital & IT,Variable Allowance/Incentive,105,69300000.0,68580000.0,2023,12,Dec,-720000.0,-1.0389610389610389
2023-12-01,Digital & IT,Overtime,105,23100000.0,23201000.0,2023,12,Dec,101000.0,0.4372294372294372
2023-12-01,Digital & IT,BPJS (Kesehatan & Ketenagakerjaan),105,82883000.0,82700000.0,2023,12,Dec,-183000.0,-0.22079316627052595
2023-12-01,Digital & IT,THR & Bonus Tahunan,105,96250000.0,486739000.0,2023,12,Dec,390489000.0,405.70285714285717
2023-12-01,Digital & IT,Training & Development,105,15750000.0,12119000.0,2023,12,Dec,-3631000.0,-23.053968253968254
2023-12-01,Digital & IT,Recruitment Cost,105,19404000.0,25878000.0,2023,12,Dec,6474000.0,33.36425479282622
2023-12-01,Digital & IT,Other Employee Benefit,105,57750000.0,61964000.0,2023,12,Dec,4214000.0,7.296969696969698
2024-01-01,Digital & IT,Basic Salary,106,1218470000.0,1222301000.0,2024,1,Jan,3831000.0,0.314410695380272
2024-01-01,Digital & IT,Fixed Allowance,106,182770000.0,182763000.0,2024,1,Jan,-7000.0,-0.0038299502106472617
2024-01-01,Digital & IT,Variable Allowance/Incentive,106,73108000.0,75533000.0,2024,1,Jan,2425000.0,3.3170104502927176
2024-01-01,Digital & IT,Overtime,106,24369000.0,22487000.0,2024,1,Jan,-1882000.0,-7.722926669128811
2024-01-01,Digital & IT,BPJS (Kesehatan & Ketenagakerjaan),106,87437000.0,85555000.0,2024,1,Jan,-1882000.0,-2.152406875807724
2024-01-01,Digital & IT,THR & Bonus Tahunan,106,101539000.0,0.0,2024,1,Jan,-101539000.0,-100.0
2024-01-01,Digital & IT,Training & Development,106,15900000.0,18140000.0,2024,1,Jan,2240000.0,14.08805031446541
2024-01-01,Digital & IT,Recruitment Cost,106,19589000.0,30463000.0,2024,1,Jan,10874000.0,55.510745826739495
2024-01-01,Digital & IT,Other Employee Benefit,106,58300000.0,61518000.0,2024,1,Jan,3218000.0,5.519725557461406
2024-02-01,Digital & IT,Basic Salary,108,1241460000.0,1234829000.0,2024,2,Feb,-6631000.0,-0.5341291704928068
2024-02-01,Digital & IT,Fixed Allowance,108,186219000.0,180174000.0,2024,2,Feb,-6045000.0,-3.246177887326213
2024-02-01,Digital & IT,Variable Allowance/Incentive,108,74488000.0,77845000.0,2024,2,Feb,3357000.0,4.506766190527333
2024-02-01,Digital & IT,Overtime,108,24829000.0,22096000.0,2024,2,Feb,-2733000.0,-11.007289862660599
2024-02-01,Digital & IT,BPJS (Kesehatan & Ketenagakerjaan),108,89087000.0,88137000.0,2024,2,Feb,-950000.0,-1.0663733204620203
2024-02-01,Digital & IT,THR & Bonus Tahunan,108,103455000.0,0.0,2024,2,Feb,-103455000.0,-100.0
2024-02-01,Digital & IT,Training & Development,108,16200000.0,14775000.0,2024,2,Feb,-1425000.0,-8.796296296296296
2024-02-01,Digital & IT,Recruitment Cost,108,19958000.0,23716000.0,2024,2,Feb,3758000.0,18.82954203828039
2024-02-01,Digital & IT,Other Employee Benefit,108,59400000.0,57146000.0,2024,2,Feb,-2254000.0,-3.794612794612794
2024-03-01,Digital & IT,Basic Salary,109,1252955000.0,1245164000.0,2024,3,Mar,-7791000.0,-0.6218100410629273
2024-03-01,Digital & IT,Fixed Allowance,109,187943000.0,190580000.0,2024,3,Mar,2637000.0,1.4030849778922332
2024-03-01,Digital & IT,Variable Allowance/Incentive,109,75177000.0,81378000.0,2024,3,Mar,6201000.0,8.248533461031965
2024-03-01,Digital & IT,Overtime,109,25059000.0,25331000.0,2024,3,Mar,272000.0,1.0854383654575201
2024-03-01,Digital & IT,BPJS (Kesehatan & Ketenagakerjaan),109,89912000.0,90536000.0,2024,3,Mar,624000.0,0.6940119227689296
2024-03-01,Digital & IT,THR & Bonus Tahunan,109,104413000.0,0.0,2024,3,Mar,-104413000.0,-100.0
2024-03-01,Digital & IT,Training & Development,109,16350000.0,21544000.0,2024,3,Mar,5194000.0,31.767584097859324
2024-03-01,Digital & IT,Recruitment Cost,109,20143000.0,17798000.0,2024,3,Mar,-2345000.0,-11.641761405947475
2024-03-01,Digital & IT,Other Employee Benefit,109,59950000.0,56253000.0,2024,3,Mar,-3697000.0,-6.166805671392828
2024-04-01,Digital & IT,Basic Salary,111,1275945000.0,1300782000.0,2024,4,Apr,24837000.0,1.9465572575620422
2024-04-01,Digital & IT,Fixed Allowance,111,191392000.0,190395000.0,2024,4,Apr,-997000.0,-0.5209204146463803
2024-04-01,Digital & IT,Variable Allowance/Incentive,111,76557000.0,87133000.0,2024,4,Apr,10576000.0,13.814543412098176
2024-04-01,Digital & IT,Overtime,111,25519000.0,25765000.0,2024,4,Apr,246000.0,0.9639876170696344
2024-04-01,Digital & IT,BPJS (Kesehatan & Ketenagakerjaan),111,91562000.0,90627000.0,2024,4,Apr,-935000.0,-1.021165985889343
2024-04-01,Digital & IT,THR & Bonus Tahunan,111,106329000.0,1238023000.0,2024,4,Apr,1131694000.0,1064.3324022609072
2024-04-01,Digital & IT,Training & Development,111,16650000.0,18222000.0,2024,4,Apr,1572000.0,9.441441441441441
2024-04-01,Digital & IT,Recruitment Cost,111,20513000.0,19776000.0,2024,4,Apr,-737000.0,-3.592843562618827
2024-04-01,Digital & IT,Other Employee Benefit,111,61050000.0,61298000.0,2024,4,Apr,248000.0,0.4062244062244062
2024-05-01,Digital & IT,Basic Salary,113,1298935000.0,1294950000.0,2024,5,May,-3985000.0,-0.30678979317671784
2024-05-01,Digital & IT,Fixed Allowance,113,194840000.0,199961000.0,2024,5,May,5121000.0,2.628310408540341
2024-05-01,Digital & IT,Variable Allowance/Incentive,113,77936000.0,70364000.0,2024,5,May,-7572000.0,-9.715664134674604
2024-05-01,Digital & IT,Overtime,113,25979000.0,24592000.0,2024,5,May,-1387000.0,-5.3389275953654876
2024-05-01,Digital & IT,BPJS (Kesehatan & Ketenagakerjaan),113,93212000.0,91244000.0,2024,5,May,-1968000.0,-2.1113161395528475
2024-05-01,Digital & IT,THR & Bonus Tahunan,113,108245000.0,0.0,2024,5,May,-108245000.0,-100.0
2024-05-01,Digital & IT,Training & Development,113,16950000.0,17136000.0,2024,5,May,186000.0,1.0973451327433628
2024-05-01,Digital & IT,Recruitment Cost,113,20882000.0,31193000.0,2024,5,May,10311000.0,49.37745426683268
2024-05-01,Digital & IT,Other Employee Benefit,113,62150000.0,62384000.0,2024,5,May,234000.0,0.3765084473049075
2024-06-01,Digital & IT,Basic Salary,117,1344915000.0,1334839000.0,2024,6,Jun,-10076000.0,-0.7491923281396966
2024-06-01,Digital & IT,Fixed Allowance,117,201737000.0,202646000.0,2024,6,Jun,909000.0,0.45058665490217464
2024-06-01,Digital & IT,Variable Allowance/Incentive,117,80695000.0,77290000.0,2024,6,Jun,-3405000.0,-4.219592291963567
2024-06-01,Digital & IT,Overtime,117,26898000.0,27871000.0,2024,6,Jun,973000.0,3.617369321139118
2024-06-01,Digital & IT,BPJS (Kesehatan & Ketenagakerjaan),117,96511000.0,97240000.0,2024,6,Jun,729000.0,0.7553543119437163
2024-06-01,Digital & IT,THR & Bonus Tahunan,117,112076000.0,0.0,2024,6,Jun,-112076000.0,-100.0
2024-06-01,Digital & IT,Training & Development,117,17550000.0,19083000.0,2024,6,Jun,1533000.0,8.735042735042734
2024-06-01,Digital & IT,Recruitment Cost,117,53822000.0,49271000.0,2024,6,Jun,-4551000.0,-8.455650105904649
2024-06-01,Digital & IT,Other Employee Benefit,117,64350000.0,61487000.0,2024,6,Jun,-2863000.0,-4.449106449106449
2024-07-01,Digital & IT,Basic Salary,121,1390895000.0,1387572000.0,2024,7,Jul,-3323000.0,-0.2389109170713821
2024-07-01,Digital & IT,Fixed Allowance,121,208634000.0,208998000.0,2024,7,Jul,364000.0,0.17446820748296057
2024-07-01,Digital & IT,Variable Allowance/Incentive,121,83454000.0,88181000.0,2024,7,Jul,4727000.0,5.664198240947108
2024-07-01,Digital & IT,Overtime,121,27818000.0,25459000.0,2024,7,Jul,-2359000.0,-8.480120785103171
2024-07-01,Digital & IT,BPJS (Kesehatan & Ketenagakerjaan),121,99811000.0,97414000.0,2024,7,Jul,-2397000.0,-2.4015389085371353
2024-07-01,Digital & IT,THR & Bonus Tahunan,121,115908000.0,0.0,2024,7,Jul,-115908000.0,-100.0
2024-07-01,Digital & IT,Training & Development,121,18150000.0,38430000.0,2024,7,Jul,20280000.0,111.73553719008265
2024-07-01,Digital & IT,Recruitment Cost,121,55662000.0,49897000.0,2024,7,Jul,-5765000.0,-10.357155689698537
2024-07-01,Digital & IT,Other Employee Benefit,121,66550000.0,69333000.0,2024,7,Jul,2783000.0,4.181818181818182
2024-08-01,Digital & IT,Basic Salary,125,1436875000.0,1440486000.0,2024,8,Aug,3611000.0,0.25130926489778166
2024-08-01,Digital & IT,Fixed Allowance,125,215531000.0,215525000.0,2024,8,Aug,-6000.0,-0.0027838222807855945
2024-08-01,Digital & IT,Variable Allowance/Incentive,125,86212000.0,83558000.0,2024,8,Aug,-2654000.0,-3.078457755300886
2024-08-01,Digital & IT,Overtime,125,28738000.0,30071000.0,2024,8,Aug,1333000.0,4.6384577910780145
2024-08-01,Digital & IT,BPJS (Kesehatan & Ketenagakerjaan),125,103110000.0,102432000.0,2024,8,Aug,-678000.0,-0.6575501891184172
2024-08-01,Digital & IT,THR & Bonus Tahunan,125,119740000.0,0.0,2024,8,Aug,-119740000.0,-100.0
2024-08-01,Digital & IT,Training & Development,125,18750000.0,22030000.0,2024,8,Aug,3280000.0,17.493333333333332
2024-08-01,Digital & IT,Recruitment Cost,125,57502000.0,82093000.0,2024,8,Aug,24591000.0,42.76546902716427
2024-08-01,Digital & IT,Other Employee Benefit,125,68750000.0,70811000.0,2024,8,Aug,2061000.0,2.9978181818181815
2024-09-01,Digital & IT,Basic Salary,128,1471360000.0,1467882000.0,2024,9,Sep,-3478000.0,-0.23637994780339278
2024-09-01,Digital & IT,Fixed Allowance,128,220704000.0,215460000.0,2024,9,Sep,-5244000.0,-2.37603305785124
2024-09-01,Digital & IT,Variable Allowance/Incentive,128,88282000.0,85788000.0,2024,9,Sep,-2494000.0,-2.825037946580277
2024-09-01,Digital & IT,Overtime,128,29427000.0,26377000.0,2024,9,Sep,-3050000.0,-10.364631121079281
2024-09-01,Digital & IT,BPJS (Kesehatan & Ketenagakerjaan),128,105585000.0,107664000.0,2024,9,Sep,2079000.0,1.9690296917175734
2024-09-01,Digital & IT,THR & Bonus Tahunan,128,122613000.0,0.0,2024,9,Sep,-122613000.0,-100.0
2024-09-01,Digital & IT,Training & Development,128,19200000.0,19346000.0,2024,9,Sep,146000.0,0.7604166666666667
2024-09-01,Digital & IT,Recruitment Cost,128,58882000.0,76740000.0,2024,9,Sep,17858000.0,30.3284535172039
2024-09-01,Digital & IT,Other Employee Benefit,128,70400000.0,69607000.0,2024,9,Sep,-793000.0,-1.1264204545454546
2024-10-01,Digital & IT,Basic Salary,133,1528835000.0,1566519000.0,2024,10,Oct,37684000.0,2.4648833916021022
2024-10-01,Digital & IT,Fixed Allowance,133,229325000.0,227949000.0,2024,10,Oct,-1376000.0,-0.6000218031178458
2024-10-01,Digital & IT,Variable Allowance/Incentive,133,91730000.0,86957000.0,2024,10,Oct,-4773000.0,-5.20331407391257
2024-10-01,Digital & IT,Overtime,133,30577000.0,32196000.0,2024,10,Oct,1619000.0,5.294829446969945
2024-10-01,Digital & IT,BPJS (Kesehatan & Ketenagakerjaan),133,109709000.0,105553000.0,2024,10,Oct,-4156000.0,-3.788203337921228
2024-10-01,Digital & IT,THR & Bonus Tahunan,133,127403000.0,0.0,2024,10,Oct,-127403000.0,-100.0
2024-10-01,Digital & IT,Training & Development,133,19950000.0,20141000.0,2024,10,Oct,191000.0,0.9573934837092731
2024-10-01,Digital & IT,Recruitment Cost,133,61183000.0,69371000.0,2024,10,Oct,8188000.0,13.382802412434827
2024-10-01,Digital & IT,Other Employee Benefit,133,73150000.0,69521000.0,2024,10,Oct,-3629000.0,-4.961038961038962
2024-11-01,Digital & IT,Basic Salary,137,1574815000.0,1575665000.0,2024,11,Nov,850000.0,0.05397459384118134
2024-11-01,Digital & IT,Fixed Allowance,137,236222000.0,227707000.0,2024,11,Nov,-8515000.0,-3.6046600231985164
2024-11-01,Digital & IT,Variable Allowance/Incentive,137,94489000.0,89602000.0,2024,11,Nov,-4887000.0,-5.172030606737292
2024-11-01,Digital & IT,Overtime,137,31496000.0,22399000.0,2024,11,Nov,-9097000.0,-28.88303276606553
2024-11-01,Digital & IT,BPJS (Kesehatan & Ketenagakerjaan),137,113009000.0,113506000.0,2024,11,Nov,497000.0,0.4397879814882001
2024-11-01,Digital & IT,THR & Bonus Tahunan,137,131235000.0,0.0,2024,11,Nov,-131235000.0,-100.0
2024-11-01,Digital & IT,Training & Development,137,20550000.0,21423000.0,2024,11,Nov,873000.0,4.248175182481752
2024-11-01,Digital & IT,Recruitment Cost,137,63023000.0,63155000.0,2024,11,Nov,132000.0,0.20944734462021802
2024-11-01,Digital & IT,Other Employee Benefit,137,75350000.0,77385000.0,2024,11,Nov,2035000.0,2.7007299270072993
2024-12-01,Digital & IT,Basic Salary,141,1620795000.0,1605130000.0,2024,12,Dec,-15665000.0,-0.9665010072217647
2024-12-01,Digital & IT,Fixed Allowance,141,243119000.0,245148000.0,2024,12,Dec,2029000.0,0.8345707246245665
2024-12-01,Digital & IT,Variable Allowance/Incentive,141,97248000.0,91890000.0,2024,12,Dec,-5358000.0,-5.509624876604146
2024-12-01,Digital & IT,Overtime,141,32416000.0,32213000.0,2024,12,Dec,-203000.0,-0.6262339585389931
2024-12-01,Digital & IT,BPJS (Kesehatan & Ketenagakerjaan),141,116308000.0,115325000.0,2024,12,Dec,-983000.0,-0.8451697217732227
2024-12-01,Digital & IT,THR & Bonus Tahunan,141,135066000.0,525587000.0,2024,12,Dec,390521000.0,289.1334606784831
2024-12-01,Digital & IT,Training & Development,141,21150000.0,19846000.0,2024,12,Dec,-1304000.0,-6.16548463356974
2024-12-01,Digital & IT,Recruitment Cost,141,64863000.0,68645000.0,2024,12,Dec,3782000.0,5.830750967423646
2024-12-01,Digital & IT,Other Employee Benefit,141,77550000.0,76377000.0,2024,12,Dec,-1173000.0,-1.5125725338491296
2023-01-01,Human Capital,Basic Salary,110,880000000.0,881500000.0,2023,1,Jan,1500000.0,0.17045454545454544
2023-01-01,Human Capital,Fixed Allowance,110,132000000.0,132424000.0,2023,1,Jan,424000.0,0.3212121212121212
2023-01-01,Human Capital,Variable Allowance/Incentive,110,44000000.0,44011000.0,2023,1,Jan,11000.0,0.025
2023-01-01,Human Capital,Overtime,110,17600000.0,18369000.0,2023,1,Jan,769000.0,4.369318181818182
2023-01-01,Human Capital,BPJS (Kesehatan & Ketenagakerjaan),110,63149000.0,64277000.0,2023,1,Jan,1128000.0,1.7862515637618963
2023-01-01,Human Capital,THR & Bonus Tahunan,110,73333000.0,0.0,2023,1,Jan,-73333000.0,-100.0
2023-01-01,Human Capital,Training & Development,110,16500000.0,30160000.0,2023,1,Jan,13660000.0,82.78787878787878
2023-01-01,Human Capital,Recruitment Cost,110,1753000.0,1378000.0,2023,1,Jan,-375000.0,-21.391899600684543
2023-01-01,Human Capital,Other Employee Benefit,110,60500000.0,52774000.0,2023,1,Jan,-7726000.0,-12.7702479338843
2023-02-01,Human Capital,Basic Salary,111,888000000.0,875862000.0,2023,2,Feb,-12138000.0,-1.366891891891892
2023-02-01,Human Capital,Fixed Allowance,111,133200000.0,132601000.0,2023,2,Feb,-599000.0,-0.4496996996996997
2023-02-01,Human Capital,Variable Allowance/Incentive,111,44400000.0,40244000.0,2023,2,Feb,-4156000.0,-9.36036036036036
2023-02-01,Human Capital,Overtime,111,17760000.0,14560000.0,2023,2,Feb,-3200000.0,-18.01801801801802
2023-02-01,Human Capital,BPJS (Kesehatan & Ketenagakerjaan),111,63723000.0,64240000.0,2023,2,Feb,517000.0,0.8113240117383048
2023-02-01,Human Capital,THR & Bonus Tahunan,111,74000000.0,0.0,2023,2,Feb,-74000000.0,-100.0
2023-02-01,Human Capital,Training & Development,111,16650000.0,18546000.0,2023,2,Feb,1896000.0,11.387387387387388
2023-02-01,Human Capital,Recruitment Cost,111,1769000.0,1892000.0,2023,2,Feb,123000.0,6.953080836630865
2023-02-01,Human Capital,Other Employee Benefit,111,61050000.0,53141000.0,2023,2,Feb,-7909000.0,-12.954954954954957
2023-03-01,Human Capital,Basic Salary,111,888000000.0,891479000.0,2023,3,Mar,3479000.0,0.3917792792792793
2023-03-01,Human Capital,Fixed Allowance,111,133200000.0,129260000.0,2023,3,Mar,-3940000.0,-2.9579579579579582
2023-03-01,Human Capital,Variable Allowance/Incentive,111,44400000.0,45051000.0,2023,3,Mar,651000.0,1.4662162162162162
2023-03-01,Human Capital,Overtime,111,17760000.0,17733000.0,2023,3,Mar,-27000.0,-0.15202702702702703
2023-03-01,Human Capital,BPJS (Kesehatan & Ketenagakerjaan),111,63723000.0,64277000.0,2023,3,Mar,554000.0,0.8693878191547794
2023-03-01,Human Capital,THR & Bonus Tahunan,111,74000000.0,0.0,2023,3,Mar,-74000000.0,-100.0
2023-03-01,Human Capital,Training & Development,111,16650000.0,16949000.0,2023,3,Mar,299000.0,1.795795795795796
2023-03-01,Human Capital,Recruitment Cost,111,1769000.0,1673000.0,2023,3,Mar,-96000.0,-5.426794799321651
2023-03-01,Human Capital,Other Employee Benefit,111,61050000.0,64703000.0,2023,3,Mar,3653000.0,5.983619983619984
2023-04-01,Human Capital,Basic Salary,112,896000000.0,895755000.0,2023,4,Apr,-245000.0,-0.027343750000000003
2023-04-01,Human Capital,Fixed Allowance,112,134400000.0,131891000.0,2023,4,Apr,-2509000.0,-1.866815476190476
2023-04-01,Human Capital,Variable Allowance/Incentive,112,44800000.0,43211000.0,2023,4,Apr,-1589000.0,-3.546875
2023-04-01,Human Capital,Overtime,112,17920000.0,16334000.0,2023,4,Apr,-1586000.0,-8.850446428571429
2023-04-01,Human Capital,BPJS (Kesehatan & Ketenagakerjaan),112,64297000.0,64130000.0,2023,4,Apr,-167000.0,-0.25973218035056067
2023-04-01,Human Capital,THR & Bonus Tahunan,112,74667000.0,942011000.0,2023,4,Apr,867344000.0,1161.6162427846302
2023-04-01,Human Capital,Training & Development,112,16800000.0,13343000.0,2023,4,Apr,-3457000.0,-20.577380952380953
2023-04-01,Human Capital,Recruitment Cost,112,1785000.0,1331000.0,2023,4,Apr,-454000.0,-25.434173669467786
2023-04-01,Human Capital,Other Employee Benefit,112,61600000.0,66131000.0,2023,4,Apr,4531000.0,7.35551948051948
2023-05-01,Human Capital,Basic Salary,112,896000000.0,890005000.0,2023,5,May,-5995000.0,-0.6690848214285714
2023-05-01,Human Capital,Fixed Allowance,112,134400000.0,137195000.0,2023,5,May,2795000.0,2.0796130952380953
2023-05-01,Human Capital,Variable Allowance/Incentive,112,44800000.0,42629000.0,2023,5,May,-2171000.0,-4.845982142857143
2023-05-01,Human Capital,Overtime,112,17920000.0,21192000.0,2023,5,May,3272000.0,18.25892857142857
2023-05-01,Human Capital,BPJS (Kesehatan & Ketenagakerjaan),112,64297000.0,64951000.0,2023,5,May,654000.0,1.0171547661632736
2023-05-01,Human Capital,THR & Bonus Tahunan,112,74667000.0,0.0,2023,5,May,-74667000.0,-100.0
2023-05-01,Human Capital,Training & Development,112,16800000.0,15570000.0,2023,5,May,-1230000.0,-7.321428571428572
2023-05-01,Human Capital,Recruitment Cost,112,1785000.0,3434000.0,2023,5,May,1649000.0,92.38095238095238
2023-05-01,Human Capital,Other Employee Benefit,112,61600000.0,59734000.0,2023,5,May,-1866000.0,-3.029220779220779
2023-06-01,Human Capital,Basic Salary,113,904000000.0,906706000.0,2023,6,Jun,2706000.0,0.2993362831858407
2023-06-01,Human Capital,Fixed Allowance,113,135600000.0,139130000.0,2023,6,Jun,3530000.0,2.6032448377581123
2023-06-01,Human Capital,Variable Allowance/Incentive,113,45200000.0,50846000.0,2023,6,Jun,5646000.0,12.491150442477876
2023-06-01,Human Capital,Overtime,113,18080000.0,18138000.0,2023,6,Jun,58000.0,0.32079646017699115
2023-06-01,Human Capital,BPJS (Kesehatan & Ketenagakerjaan),113,64871000.0,64138000.0,2023,6,Jun,-733000.0,-1.1299347936674322
2023-06-01,Human Capital,THR & Bonus Tahunan,113,75333000.0,0.0,2023,6,Jun,-75333000.0,-100.0
2023-06-01,Human Capital,Training & Development,113,16950000.0,18119000.0,2023,6,Jun,1169000.0,6.896755162241888
2023-06-01,Human Capital,Recruitment Cost,113,1801000.0,1870000.0,2023,6,Jun,69000.0,3.8312048861743477
2023-06-01,Human Capital,Other Employee Benefit,113,62150000.0,68407000.0,2023,6,Jun,6257000.0,10.067578439259856
2023-07-01,Human Capital,Basic Salary,113,904000000.0,900697000.0,2023,7,Jul,-3303000.0,-0.36537610619469024
2023-07-01,Human Capital,Fixed Allowance,113,135600000.0,136101000.0,2023,7,Jul,501000.0,0.36946902654867253
2023-07-01,Human Capital,Variable Allowance/Incentive,113,45200000.0,40329000.0,2023,7,Jul,-4871000.0,-10.776548672566372
2023-07-01,Human Capital,Overtime,113,18080000.0,16323000.0,2023,7,Jul,-1757000.0,-9.7179203539823
2023-07-01,Human Capital,BPJS (Kesehatan & Ketenagakerjaan),113,64871000.0,66039000.0,2023,7,Jul,1168000.0,1.8004963697183642
2023-07-01,Human Capital,THR & Bonus Tahunan,113,75333000.0,0.0,2023,7,Jul,-75333000.0,-100.0
2023-07-01,Human Capital,Training & Development,113,16950000.0,24448000.0,2023,7,Jul,7498000.0,44.23598820058997
2023-07-01,Human Capital,Recruitment Cost,113,1801000.0,1662000.0,2023,7,Jul,-139000.0,-7.717934480843976
2023-07-01,Human Capital,Other Employee Benefit,113,62150000.0,63818000.0,2023,7,Jul,1668000.0,2.683829444891392
2023-08-01,Human Capital,Basic Salary,114,912000000.0,918557000.0,2023,8,Aug,6557000.0,0.718969298245614
2023-08-01,Human Capital,Fixed Allowance,114,136800000.0,139525000.0,2023,8,Aug,2725000.0,1.9919590643274854
2023-08-01,Human Capital,Variable Allowance/Incentive,114,45600000.0,42839000.0,2023,8,Aug,-2761000.0,-6.0548245614035086
2023-08-01,Human Capital,Overtime,114,18240000.0,15647000.0,2023,8,Aug,-2593000.0,-14.216008771929825
2023-08-01,Human Capital,BPJS (Kesehatan & Ketenagakerjaan),114,65445000.0,66919000.0,2023,8,Aug,1474000.0,2.25227290090916
2023-08-01,Human Capital,THR & Bonus Tahunan,114,76000000.0,0.0,2023,8,Aug,-76000000.0,-100.0
2023-08-01,Human Capital,Training & Development,114,17100000.0,16272000.0,2023,8,Aug,-828000.0,-4.842105263157895
2023-08-01,Human Capital,Recruitment Cost,114,1817000.0,2129000.0,2023,8,Aug,312000.0,17.17116125481563
2023-08-01,Human Capital,Other Employee Benefit,114,62700000.0,66864000.0,2023,8,Aug,4164000.0,6.641148325358852
2023-09-01,Human Capital,Basic Salary,115,920000000.0,924194000.0,2023,9,Sep,4194000.0,0.45586956521739125
2023-09-01,Human Capital,Fixed Allowance,115,138000000.0,143975000.0,2023,9,Sep,5975000.0,4.329710144927536
2023-09-01,Human Capital,Variable Allowance/Incentive,115,46000000.0,43632000.0,2023,9,Sep,-2368000.0,-5.147826086956521
2023-09-01,Human Capital,Overtime,115,18400000.0,20107000.0,2023,9,Sep,1707000.0,9.277173913043478
2023-09-01,Human Capital,BPJS (Kesehatan & Ketenagakerjaan),115,66019000.0,66076000.0,2023,9,Sep,57000.0,0.08633878125994032
2023-09-01,Human Capital,THR & Bonus Tahunan,115,76667000.0,0.0,2023,9,Sep,-76667000.0,-100.0
2023-09-01,Human Capital,Training & Development,115,17250000.0,17945000.0,2023,9,Sep,695000.0,4.028985507246377
2023-09-01,Human Capital,Recruitment Cost,115,1833000.0,3166000.0,2023,9,Sep,1333000.0,72.72231314784506
2023-09-01,Human Capital,Other Employee Benefit,115,63250000.0,64856000.0,2023,9,Sep,1606000.0,2.5391304347826087
2023-10-01,Human Capital,Basic Salary,115,920000000.0,929867000.0,2023,10,Oct,9867000.0,1.0725
2023-10-01,Human Capital,Fixed Allowance,115,138000000.0,136993000.0,2023,10,Oct,-1007000.0,-0.7297101449275362
2023-10-01,Human Capital,Variable Allowance/Incentive,115,46000000.0,42912000.0,2023,10,Oct,-3088000.0,-6.713043478260869
2023-10-01,Human Capital,Overtime,115,18400000.0,16478000.0,2023,10,Oct,-1922000.0,-10.445652173913043
2023-10-01,Human Capital,BPJS (Kesehatan & Ketenagakerjaan),115,66019000.0,64072000.0,2023,10,Oct,-1947000.0,-2.9491510019842773
2023-10-01,Human Capital,THR & Bonus Tahunan,115,76667000.0,0.0,2023,10,Oct,-76667000.0,-100.0
2023-10-01,Human Capital,Training & Development,115,17250000.0,22570000.0,2023,10,Oct,5320000.0,30.840579710144926
2023-10-01,Human Capital,Recruitment Cost,115,1833000.0,1659000.0,2023,10,Oct,-174000.0,-9.492635024549918
2023-10-01,Human Capital,Other Employee Benefit,115,63250000.0,62550000.0,2023,10,Oct,-700000.0,-1.1067193675889329
2023-11-01,Human Capital,Basic Salary,116,928000000.0,930853000.0,2023,11,Nov,2853000.0,0.30743534482758617
2023-11-01,Human Capital,Fixed Allowance,116,139200000.0,141471000.0,2023,11,Nov,2271000.0,1.6314655172413792
2023-11-01,Human Capital,Variable Allowance/Incentive,116,46400000.0,49594000.0,2023,11,Nov,3194000.0,6.883620689655172
2023-11-01,Human Capital,Overtime,116,18560000.0,17478000.0,2023,11,Nov,-1082000.0,-5.829741379310345
2023-11-01,Human Capital,BPJS (Kesehatan & Ketenagakerjaan),116,66593000.0,66426000.0,2023,11,Nov,-167000.0,-0.25077710870511916
2023-11-01,Human Capital,THR & Bonus Tahunan,116,77333000.0,0.0,2023,11,Nov,-77333000.0,-100.0
2023-11-01,Human Capital,Training & Development,116,17400000.0,18138000.0,2023,11,Nov,738000.0,4.241379310344827
2023-11-01,Human Capital,Recruitment Cost,116,1849000.0,2167000.0,2023,11,Nov,318000.0,17.198485667928608
2023-11-01,Human Capital,Other Employee Benefit,116,63800000.0,68927000.0,2023,11,Nov,5127000.0,8.036050156739812
2023-12-01,Human Capital,Basic Salary,116,928000000.0,934820000.0,2023,12,Dec,6820000.0,0.7349137931034483
2023-12-01,Human Capital,Fixed Allowance,116,139200000.0,141045000.0,2023,12,Dec,1845000.0,1.3254310344827587
2023-12-01,Human Capital,Variable Allowance/Incentive,116,46400000.0,50756000.0,2023,12,Dec,4356000.0,9.38793103448276
2023-12-01,Human Capital,Overtime,116,18560000.0,18896000.0,2023,12,Dec,336000.0,1.810344827586207
2023-12-01,Human Capital,BPJS (Kesehatan & Ketenagakerjaan),116,66593000.0,65298000.0,2023,12,Dec,-1295000.0,-1.9446488369648463
2023-12-01,Human Capital,THR & Bonus Tahunan,116,77333000.0,461155000.0,2023,12,Dec,383822000.0,496.3236910503925
2023-12-01,Human Capital,Training & Development,116,17400000.0,17154000.0,2023,12,Dec,-246000.0,-1.4137931034482758
2023-12-01,Human Capital,Recruitment Cost,116,1849000.0,2261000.0,2023,12,Dec,412000.0,22.282314764737695
2023-12-01,Human Capital,Other Employee Benefit,116,63800000.0,66392000.0,2023,12,Dec,2592000.0,4.06269592476489
2024-01-01,Human Capital,Basic Salary,117,978120000.0,978418000.0,2024,1,Jan,298000.0,0.030466609413977837
2024-01-01,Human Capital,Fixed Allowance,117,146718000.0,142340000.0,2024,1,Jan,-4378000.0,-2.983955615534563
2024-01-01,Human Capital,Variable Allowance/Incentive,117,48906000.0,50840000.0,2024,1,Jan,1934000.0,3.9545250071565863
2024-01-01,Human Capital,Overtime,117,19562000.0,20978000.0,2024,1,Jan,1416000.0,7.23852366833657
2024-01-01,Human Capital,BPJS (Kesehatan & Ketenagakerjaan),117,70190000.0,72612000.0,2024,1,Jan,2422000.0,3.45063399344636
2024-01-01,Human Capital,THR & Bonus Tahunan,117,81510000.0,0.0,2024,1,Jan,-81510000.0,-100.0
2024-01-01,Human Capital,Training & Development,117,17550000.0,32610000.0,2024,1,Jan,15060000.0,85.8119658119658
2024-01-01,Human Capital,Recruitment Cost,117,1865000.0,1224000.0,2024,1,Jan,-641000.0,-34.369973190348524
2024-01-01,Human Capital,Other Employee Benefit,117,64350000.0,64602000.0,2024,1,Jan,252000.0,0.3916083916083916
2024-02-01,Human Capital,Basic Salary,118,986480000.0,992631000.0,2024,2,Feb,6151000.0,0.6235301273213851
2024-02-01,Human Capital,Fixed Allowance,118,147972000.0,148945000.0,2024,2,Feb,973000.0,0.6575568350769064
2024-02-01,Human Capital,Variable Allowance/Incentive,118,49324000.0,52876000.0,2024,2,Feb,3552000.0,7.201362419917282
2024-02-01,Human Capital,Overtime,118,19730000.0,18502000.0,2024,2,Feb,-1228000.0,-6.224024328433857
2024-02-01,Human Capital,BPJS (Kesehatan & Ketenagakerjaan),118,70790000.0,71297000.0,2024,2,Feb,507000.0,0.7162028535103828
2024-02-01,Human Capital,THR & Bonus Tahunan,118,82207000.0,0.0,2024,2,Feb,-82207000.0,-100.0
2024-02-01,Human Capital,Training & Development,118,17700000.0,17035000.0,2024,2,Feb,-665000.0,-3.7570621468926557
2024-02-01,Human Capital,Recruitment Cost,118,1880000.0,2339000.0,2024,2,Feb,459000.0,24.414893617021278
2024-02-01,Human Capital,Other Employee Benefit,118,64900000.0,67588000.0,2024,2,Feb,2688000.0,4.141756548536209
2024-03-01,Human Capital,Basic Salary,118,986480000.0,999186000.0,2024,3,Mar,12706000.0,1.2880139485848674
2024-03-01,Human Capital,Fixed Allowance,118,147972000.0,146721000.0,2024,3,Mar,-1251000.0,-0.8454302165274511
2024-03-01,Human Capital,Variable Allowance/Incentive,118,49324000.0,50353000.0,2024,3,Mar,1029000.0,2.0862054983375233
2024-03-01,Human Capital,Overtime,118,19730000.0,16966000.0,2024,3,Mar,-2764000.0,-14.009123162696401
2024-03-01,Human Capital,BPJS (Kesehatan & Ketenagakerjaan),118,70790000.0,71554000.0,2024,3,Mar,764000.0,1.0792484814239298
2024-03-01,Human Capital,THR & Bonus Tahunan,118,82207000.0,0.0,2024,3,Mar,-82207000.0,-100.0
2024-03-01,Human Capital,Training & Development,118,17700000.0,21540000.0,2024,3,Mar,3840000.0,21.694915254237287
2024-03-01,Human Capital,Recruitment Cost,118,1880000.0,2048000.0,2024,3,Mar,168000.0,8.936170212765958
2024-03-01,Human Capital,Other Employee Benefit,118,64900000.0,61297000.0,2024,3,Mar,-3603000.0,-5.5516178736517725
2024-04-01,Human Capital,Basic Salary,119,994840000.0,1009313000.0,2024,4,Apr,14473000.0,1.4548068031040167
2024-04-01,Human Capital,Fixed Allowance,119,149226000.0,144899000.0,2024,4,Apr,-4327000.0,-2.8996287510219396
2024-04-01,Human Capital,Variable Allowance/Incentive,119,49742000.0,45340000.0,2024,4,Apr,-4402000.0,-8.849664267620923
2024-04-01,Human Capital,Overtime,119,19897000.0,18993000.0,2024,4,Apr,-904000.0,-4.543398502286776
2024-04-01,Human Capital,BPJS (Kesehatan & Ketenagakerjaan),119,71390000.0,70511000.0,2024,4,Apr,-879000.0,-1.23126488303684
2024-04-01,Human Capital,THR & Bonus Tahunan,119,82903000.0,970451000.0,2024,4,Apr,887548000.0,1070.5861066547652
2024-04-01,Human Capital,Training & Development,119,17850000.0,12243000.0,2024,4,Apr,-5607000.0,-31.411764705882355
2024-04-01,Human Capital,Recruitment Cost,119,1896000.0,2720000.0,2024,4,Apr,824000.0,43.459915611814345
2024-04-01,Human Capital,Other Employee Benefit,119,65450000.0,66558000.0,2024,4,Apr,1108000.0,1.6928953399541635
2024-05-01,Human Capital,Basic Salary,119,994840000.0,1009337000.0,2024,5,May,14497000.0,1.4572192513368984
2024-05-01,Human Capital,Fixed Allowance,119,149226000.0,154243000.0,2024,5,May,5017000.0,3.36201466232426
2024-05-01,Human Capital,Variable Allowance/Incentive,119,49742000.0,46754000.0,2024,5,May,-2988000.0,-6.006996099875357
2024-05-01,Human Capital,Overtime,119,19897000.0,22218000.0,2024,5,May,2321000.0,11.66507513695532
2024-05-01,Human Capital,BPJS (Kesehatan & Ketenagakerjaan),119,71390000.0,70776000.0,2024,5,May,-614000.0,-0.8600644347947892
2024-05-01,Human Capital,THR & Bonus Tahunan,119,82903000.0,0.0,2024,5,May,-82903000.0,-100.0
2024-05-01,Human Capital,Training & Development,119,17850000.0,18335000.0,2024,5,May,485000.0,2.7170868347338937
2024-05-01,Human Capital,Recruitment Cost,119,1896000.0,1875000.0,2024,5,May,-21000.0,-1.1075949367088607
2024-05-01,Human Capital,Other Employee Benefit,119,65450000.0,72696000.0,2024,5,May,7246000.0,11.071046600458365
2024-06-01,Human Capital,Basic Salary,119,994840000.0,996098000.0,2024,6,Jun,1258000.0,0.1264524948735475
2024-06-01,Human Capital,Fixed Allowance,119,149226000.0,147173000.0,2024,6,Jun,-2053000.0,-1.3757656172516852
2024-06-01,Human Capital,Variable Allowance/Incentive,119,49742000.0,57149000.0,2024,6,Jun,7407000.0,14.890836717462106
2024-06-01,Human Capital,Overtime,119,19897000.0,23651000.0,2024,6,Jun,3754000.0,18.8671659044077
2024-06-01,Human Capital,BPJS (Kesehatan & Ketenagakerjaan),119,71390000.0,73136000.0,2024,6,Jun,1746000.0,2.445720689172153
2024-06-01,Human Capital,THR & Bonus Tahunan,119,82903000.0,0.0,2024,6,Jun,-82903000.0,-100.0
2024-06-01,Human Capital,Training & Development,119,17850000.0,20411000.0,2024,6,Jun,2561000.0,14.34733893557423
2024-06-01,Human Capital,Recruitment Cost,119,1896000.0,2000000.0,2024,6,Jun,104000.0,5.485232067510549
2024-06-01,Human Capital,Other Employee Benefit,119,65450000.0,68159000.0,2024,6,Jun,2709000.0,4.13903743315508
2024-07-01,Human Capital,Basic Salary,120,1003200000.0,1016366000.0,2024,7,Jul,13166000.0,1.3124003189792663
2024-07-01,Human Capital,Fixed Allowance,120,150480000.0,153838000.0,2024,7,Jul,3358000.0,2.231525784157363
2024-07-01,Human Capital,Variable Allowance/Incentive,120,50160000.0,47555000.0,2024,7,Jul,-2605000.0,-5.193381180223286
2024-07-01,Human Capital,Overtime,120,20064000.0,21966000.0,2024,7,Jul,1902000.0,9.479665071770334
2024-07-01,Human Capital,BPJS (Kesehatan & Ketenagakerjaan),120,71990000.0,72726000.0,2024,7,Jul,736000.0,1.0223642172523961
2024-07-01,Human Capital,THR & Bonus Tahunan,120,83600000.0,0.0,2024,7,Jul,-83600000.0,-100.0
2024-07-01,Human Capital,Training & Development,120,18000000.0,16818000.0,2024,7,Jul,-1182000.0,-6.566666666666666
2024-07-01,Human Capital,Recruitment Cost,120,1912000.0,2869000.0,2024,7,Jul,957000.0,50.05230125523013
2024-07-01,Human Capital,Other Employee Benefit,120,66000000.0,64575000.0,2024,7,Jul,-1425000.0,-2.159090909090909
2024-08-01,Human Capital,Basic Salary,120,1003200000.0,994740000.0,2024,8,Aug,-8460000.0,-0.8433014354066984
2024-08-01,Human Capital,Fixed Allowance,120,150480000.0,150073000.0,2024,8,Aug,-407000.0,-0.27046783625730997
2024-08-01,Human Capital,Variable Allowance/Incentive,120,50160000.0,52086000.0,2024,8,Aug,1926000.0,3.8397129186602874
2024-08-01,Human Capital,Overtime,120,20064000.0,17324000.0,2024,8,Aug,-2740000.0,-13.656299840510366
2024-08-01,Human Capital,BPJS (Kesehatan & Ketenagakerjaan),120,71990000.0,72195000.0,2024,8,Aug,205000.0,0.2847617724683984
2024-08-01,Human Capital,THR & Bonus Tahunan,120,83600000.0,0.0,2024,8,Aug,-83600000.0,-100.0
2024-08-01,Human Capital,Training & Development,120,18000000.0,19557000.0,2024,8,Aug,1557000.0,8.649999999999999
2024-08-01,Human Capital,Recruitment Cost,120,1912000.0,3503000.0,2024,8,Aug,1591000.0,83.2112970711297
2024-08-01,Human Capital,Other Employee Benefit,120,66000000.0,62447000.0,2024,8,Aug,-3553000.0,-5.383333333333333
2024-09-01,Human Capital,Basic Salary,120,1003200000.0,1005825000.0,2024,9,Sep,2625000.0,0.2616626794258373
2024-09-01,Human Capital,Fixed Allowance,120,150480000.0,153933000.0,2024,9,Sep,3453000.0,2.294657097288676
2024-09-01,Human Capital,Variable Allowance/Incentive,120,50160000.0,48939000.0,2024,9,Sep,-1221000.0,-2.4342105263157894
2024-09-01,Human Capital,Overtime,120,20064000.0,22469000.0,2024,9,Sep,2405000.0,11.986642743221692
2024-09-01,Human Capital,BPJS (Kesehatan & Ketenagakerjaan),120,71990000.0,69898000.0,2024,9,Sep,-2092000.0,-2.9059591609945827
2024-09-01,Human Capital,THR & Bonus Tahunan,120,83600000.0,0.0,2024,9,Sep,-83600000.0,-100.0
2024-09-01,Human Capital,Training & Development,120,18000000.0,14616000.0,2024,9,Sep,-3384000.0,-18.8
2024-09-01,Human Capital,Recruitment Cost,120,1912000.0,2599000.0,2024,9,Sep,687000.0,35.93096234309623
2024-09-01,Human Capital,Other Employee Benefit,120,66000000.0,61344000.0,2024,9,Sep,-4656000.0,-7.054545454545455
2024-10-01,Human Capital,Basic Salary,120,1003200000.0,997905000.0,2024,10,Oct,-5295000.0,-0.527811004784689
2024-10-01,Human Capital,Fixed Allowance,120,150480000.0,152802000.0,2024,10,Oct,2322000.0,1.5430622009569377
2024-10-01,Human Capital,Variable Allowance/Incentive,120,50160000.0,42552000.0,2024,10,Oct,-7608000.0,-15.167464114832535
2024-10-01,Human Capital,Overtime,120,20064000.0,20406000.0,2024,10,Oct,342000.0,1.7045454545454544
2024-10-01,Human Capital,BPJS (Kesehatan & Ketenagakerjaan),120,71990000.0,73105000.0,2024,10,Oct,1115000.0,1.5488262258647034
2024-10-01,Human Capital,THR & Bonus Tahunan,120,83600000.0,0.0,2024,10,Oct,-83600000.0,-100.0
2024-10-01,Human Capital,Training & Development,120,18000000.0,17474000.0,2024,10,Oct,-526000.0,-2.922222222222222
2024-10-01,Human Capital,Recruitment Cost,120,1912000.0,2170000.0,2024,10,Oct,258000.0,13.493723849372385
2024-10-01,Human Capital,Other Employee Benefit,120,66000000.0,67326000.0,2024,10,Oct,1326000.0,2.009090909090909
2024-11-01,Human Capital,Basic Salary,121,1011560000.0,1025626000.0,2024,11,Nov,14066000.0,1.3905255249317885
2024-11-01,Human Capital,Fixed Allowance,121,151734000.0,148361000.0,2024,11,Nov,-3373000.0,-2.2229691433693173
2024-11-01,Human Capital,Variable Allowance/Incentive,121,50578000.0,50369000.0,2024,11,Nov,-209000.0,-0.4132231404958678
2024-11-01,Human Capital,Overtime,121,20231000.0,20647000.0,2024,11,Nov,416000.0,2.0562503089318374
2024-11-01,Human Capital,BPJS (Kesehatan & Ketenagakerjaan),121,72590000.0,72177000.0,2024,11,Nov,-413000.0,-0.5689488910318226
2024-11-01,Human Capital,THR & Bonus Tahunan,121,84297000.0,0.0,2024,11,Nov,-84297000.0,-100.0
2024-11-01,Human Capital,Training & Development,121,18150000.0,10333000.0,2024,11,Nov,-7817000.0,-43.068870523415974
2024-11-01,Human Capital,Recruitment Cost,121,1928000.0,2313000.0,2024,11,Nov,385000.0,19.968879668049794
2024-11-01,Human Capital,Other Employee Benefit,121,66550000.0,69545000.0,2024,11,Nov,2995000.0,4.5003756574004505
2024-12-01,Human Capital,Basic Salary,121,1011560000.0,1015149000.0,2024,12,Dec,3589000.0,0.3547985290047056
2024-12-01,Human Capital,Fixed Allowance,121,151734000.0,148402000.0,2024,12,Dec,-3332000.0,-2.1959481724596994
2024-12-01,Human Capital,Variable Allowance/Incentive,121,50578000.0,52178000.0,2024,12,Dec,1600000.0,3.163430740638222
2024-12-01,Human Capital,Overtime,121,20231000.0,19071000.0,2024,12,Dec,-1160000.0,-5.733774899906085
2024-12-01,Human Capital,BPJS (Kesehatan & Ketenagakerjaan),121,72590000.0,72974000.0,2024,12,Dec,384000.0,0.5289984846397575
2024-12-01,Human Capital,THR & Bonus Tahunan,121,84297000.0,317419000.0,2024,12,Dec,233122000.0,276.54839436753383
2024-12-01,Human Capital,Training & Development,121,18150000.0,18481000.0,2024,12,Dec,331000.0,1.8236914600550964
2024-12-01,Human Capital,Recruitment Cost,121,1928000.0,2350000.0,2024,12,Dec,422000.0,21.887966804979254
2024-12-01,Human Capital,Other Employee Benefit,121,66550000.0,65872000.0,2024,12,Dec,-678000.0,-1.0187828700225394
2023-01-01,Finance & Accounting,Basic Salary,160,1360000000.0,1348754000.0,2023,1,Jan,-11246000.0,-0.8269117647058825
2023-01-01,Finance & Accounting,Fixed Allowance,160,204000000.0,203076000.0,2023,1,Jan,-924000.0,-0.45294117647058824
2023-01-01,Finance & Accounting,Variable Allowance/Incentive,160,68000000.0,69998000.0,2023,1,Jan,1998000.0,2.9382352941176473
2023-01-01,Finance & Accounting,Overtime,160,27200000.0,29685000.0,2023,1,Jan,2485000.0,9.136029411764705
2023-01-01,Finance & Accounting,BPJS (Kesehatan & Ketenagakerjaan),160,97594000.0,96418000.0,2023,1,Jan,-1176000.0,-1.204992110170707
2023-01-01,Finance & Accounting,THR & Bonus Tahunan,160,113333000.0,0.0,2023,1,Jan,-113333000.0,-100.0
2023-01-01,Finance & Accounting,Training & Development,160,24000000.0,46998000.0,2023,1,Jan,22998000.0,95.825
2023-01-01,Finance & Accounting,Recruitment Cost,160,1277000.0,1489000.0,2023,1,Jan,212000.0,16.601409553641346
2023-01-01,Finance & Accounting,Other Employee Benefit,160,88000000.0,87906000.0,2023,1,Jan,-94000.0,-0.10681818181818181
2023-02-01,Finance & Accounting,Basic Salary,160,1360000000.0,1327030000.0,2023,2,Feb,-32970000.0,-2.424264705882353
2023-02-01,Finance & Accounting,Fixed Allowance,160,204000000.0,207607000.0,2023,2,Feb,3607000.0,1.7681372549019607
2023-02-01,Finance & Accounting,Variable Allowance/Incentive,160,68000000.0,72008000.0,2023,2,Feb,4008000.0,5.894117647058823
2023-02-01,Finance & Accounting,Overtime,160,27200000.0,26435000.0,2023,2,Feb,-765000.0,-2.8125
2023-02-01,Finance & Accounting,BPJS (Kesehatan & Ketenagakerjaan),160,97594000.0,97692000.0,2023,2,Feb,98000.0,0.10041600918089227
2023-02-01,Finance & Accounting,THR & Bonus Tahunan,160,113333000.0,0.0,2023,2,Feb,-113333000.0,-100.0
2023-02-01,Finance & Accounting,Training & Development,160,24000000.0,25857000.0,2023,2,Feb,1857000.0,7.7375
2023-02-01,Finance & Accounting,Recruitment Cost,160,1277000.0,973000.0,2023,2,Feb,-304000.0,-23.805794831636646
2023-02-01,Finance & Accounting,Other Employee Benefit,160,88000000.0,85672000.0,2023,2,Feb,-2328000.0,-2.6454545454545455
2023-03-01,Finance & Accounting,Basic Salary,161,1368500000.0,1351335000.0,2023,3,Mar,-17165000.0,-1.2542930215564487
2023-03-01,Finance & Accounting,Fixed Allowance,161,205275000.0,206480000.0,2023,3,Mar,1205000.0,0.587017415661917
2023-03-01,Finance & Accounting,Variable Allowance/Incentive,161,68425000.0,60999000.0,2023,3,Mar,-7426000.0,-10.852758494702229
2023-03-01,Finance & Accounting,Overtime,161,27370000.0,28647000.0,2023,3,Mar,1277000.0,4.665692363902083
2023-03-01,Finance & Accounting,BPJS (Kesehatan & Ketenagakerjaan),161,98204000.0,98151000.0,2023,3,Mar,-53000.0,-0.05396928842002363
2023-03-01,Finance & Accounting,THR & Bonus Tahunan,161,114042000.0,0.0,2023,3,Mar,-114042000.0,-100.0
2023-03-01,Finance & Accounting,Training & Development,161,24150000.0,18299000.0,2023,3,Mar,-5851000.0,-24.227743271221534
2023-03-01,Finance & Accounting,Recruitment Cost,161,1285000.0,2075000.0,2023,3,Mar,790000.0,61.478599221789885
2023-03-01,Finance & Accounting,Other Employee Benefit,161,88550000.0,85298000.0,2023,3,Mar,-3252000.0,-3.6725014116318464
2023-04-01,Finance & Accounting,Basic Salary,160,1360000000.0,1362728000.0,2023,4,Apr,2728000.0,0.20058823529411762
2023-04-01,Finance & Accounting,Fixed Allowance,160,204000000.0,208686000.0,2023,4,Apr,4686000.0,2.2970588235294116
2023-04-01,Finance & Accounting,Variable Allowance/Incentive,160,68000000.0,62474000.0,2023,4,Apr,-5526000.0,-8.126470588235295
2023-04-01,Finance & Accounting,Overtime,160,27200000.0,27368000.0,2023,4,Apr,168000.0,0.6176470588235293
2023-04-01,Finance & Accounting,BPJS (Kesehatan & Ketenagakerjaan),160,97594000.0,98221000.0,2023,4,Apr,627000.0,0.6424575281267291
2023-04-01,Finance & Accounting,THR & Bonus Tahunan,160,113333000.0,1388279000.0,2023,4,Apr,1274946000.0,1124.9556616342988
2023-04-01,Finance & Accounting,Training & Development,160,24000000.0,24635000.0,2023,4,Apr,635000.0,2.6458333333333335
2023-04-01,Finance & Accounting,Recruitment Cost,160,1277000.0,1450000.0,2023,4,Apr,173000.0,13.547376664056381
2023-04-01,Finance & Accounting,Other Employee Benefit,160,88000000.0,84359000.0,2023,4,Apr,-3641000.0,-4.1375
2023-05-01,Finance & Accounting,Basic Salary,161,1368500000.0,1353828000.0,2023,5,May,-14672000.0,-1.0721227621483376
2023-05-01,Finance & Accounting,Fixed Allowance,161,205275000.0,193281000.0,2023,5,May,-11994000.0,-5.842893679210815
2023-05-01,Finance & Accounting,Variable Allowance/Incentive,161,68425000.0,70815000.0,2023,5,May,2390000.0,3.4928754110339786
2023-05-01,Finance & Accounting,Overtime,161,27370000.0,29844000.0,2023,5,May,2474000.0,9.039093898428936
2023-05-01,Finance & Accounting,BPJS (Kesehatan & Ketenagakerjaan),161,98204000.0,94723000.0,2023,5,May,-3481000.0,-3.5446621318887215
2023-05-01,Finance & Accounting,THR & Bonus Tahunan,161,114042000.0,0.0,2023,5,May,-114042000.0,-100.0
2023-05-01,Finance & Accounting,Training & Development,161,24150000.0,20492000.0,2023,5,May,-3658000.0,-15.146997929606625
2023-05-01,Finance & Accounting,Recruitment Cost,161,1285000.0,1855000.0,2023,5,May,570000.0,44.3579766536965
2023-05-01,Finance & Accounting,Other Employee Benefit,161,88550000.0,97660000.0,2023,5,May,9110000.0,10.287972896668549
2023-06-01,Finance & Accounting,Basic Salary,161,1368500000.0,1358537000.0,2023,6,Jun,-9963000.0,-0.7280233832663501
2023-06-01,Finance & Accounting,Fixed Allowance,161,205275000.0,204524000.0,2023,6,Jun,-751000.0,-0.3658506881013275
2023-06-01,Finance & Accounting,Variable Allowance/Incentive,161,68425000.0,75951000.0,2023,6,Jun,7526000.0,10.998903909389842
2023-06-01,Finance & Accounting,Overtime,161,27370000.0,25602000.0,2023,6,Jun,-1768000.0,-6.459627329192546
2023-06-01,Finance & Accounting,BPJS (Kesehatan & Ketenagakerjaan),161,98204000.0,97026000.0,2023,6,Jun,-1178000.0,-1.1995438067695816
2023-06-01,Finance & Accounting,THR & Bonus Tahunan,161,114042000.0,0.0,2023,6,Jun,-114042000.0,-100.0
2023-06-01,Finance & Accounting,Training & Development,161,24150000.0,22401000.0,2023,6,Jun,-1749000.0,-7.24223602484472
2023-06-01,Finance & Accounting,Recruitment Cost,161,1285000.0,1224000.0,2023,6,Jun,-61000.0,-4.747081712062257
2023-06-01,Finance & Accounting,Other Employee Benefit,161,88550000.0,89093000.0,2023,6,Jun,543000.0,0.6132128740824393
2023-07-01,Finance & Accounting,Basic Salary,162,1377000000.0,1381449000.0,2023,7,Jul,4449000.0,0.32309368191721133
2023-07-01,Finance & Accounting,Fixed Allowance,162,206550000.0,205508000.0,2023,7,Jul,-1042000.0,-0.5044783345436941
2023-07-01,Finance & Accounting,Variable Allowance/Incentive,162,68850000.0,67243000.0,2023,7,Jul,-1607000.0,-2.3340595497458243
2023-07-01,Finance & Accounting,Overtime,162,27540000.0,23235000.0,2023,7,Jul,-4305000.0,-15.631808278867101
2023-07-01,Finance & Accounting,BPJS (Kesehatan & Ketenagakerjaan),162,98814000.0,100122000.0,2023,7,Jul,1308000.0,1.3236990709818448
2023-07-01,Finance & Accounting,THR & Bonus Tahunan,162,114750000.0,0.0,2023,7,Jul,-114750000.0,-100.0
2023-07-01,Finance & Accounting,Training & Development,162,24300000.0,38426000.0,2023,7,Jul,14126000.0,58.13168724279836
2023-07-01,Finance & Accounting,Recruitment Cost,162,1293000.0,1544000.0,2023,7,Jul,251000.0,19.412219644238206
2023-07-01,Finance & Accounting,Other Employee Benefit,162,89100000.0,103325000.0,2023,7,Jul,14225000.0,15.965207631874298
2023-08-01,Finance & Accounting,Basic Salary,163,1385500000.0,1375084000.0,2023,8,Aug,-10416000.0,-0.7517863587152652
2023-08-01,Finance & Accounting,Fixed Allowance,163,207825000.0,206053000.0,2023,8,Aug,-1772000.0,-0.8526404426801396
2023-08-01,Finance & Accounting,Variable Allowance/Incentive,163,69275000.0,75640000.0,2023,8,Aug,6365000.0,9.188018765788524
2023-08-01,Finance & Accounting,Overtime,163,27710000.0,28024000.0,2023,8,Aug,314000.0,1.1331649224106821
2023-08-01,Finance & Accounting,BPJS (Kesehatan & Ketenagakerjaan),163,99423000.0,97279000.0,2023,8,Aug,-2144000.0,-2.1564426742303087
2023-08-01,Finance & Accounting,THR & Bonus Tahunan,163,115458000.0,0.0,2023,8,Aug,-115458000.0,-100.0
2023-08-01,Finance & Accounting,Training & Development,163,24450000.0,27821000.0,2023,8,Aug,3371000.0,13.787321063394684
2023-08-01,Finance & Accounting,Recruitment Cost,163,1301000.0,1355000.0,2023,8,Aug,54000.0,4.15065334358186
2023-08-01,Finance & Accounting,Other Employee Benefit,163,89650000.0,98047000.0,2023,8,Aug,8397000.0,9.366424986056888
2023-09-01,Finance & Accounting,Basic Salary,164,1394000000.0,1387764000.0,2023,9,Sep,-6236000.0,-0.4473457675753228
2023-09-01,Finance & Accounting,Fixed Allowance,164,209100000.0,214457000.0,2023,9,Sep,5357000.0,2.5619320899091345
2023-09-01,Finance & Accounting,Variable Allowance/Incentive,164,69700000.0,70078000.0,2023,9,Sep,378000.0,0.5423242467718795
2023-09-01,Finance & Accounting,Overtime,164,27880000.0,30258000.0,2023,9,Sep,2378000.0,8.529411764705882
2023-09-01,Finance & Accounting,BPJS (Kesehatan & Ketenagakerjaan),164,100033000.0,100761000.0,2023,9,Sep,728000.0,0.7277598392530465
2023-09-01,Finance & Accounting,THR & Bonus Tahunan,164,116167000.0,0.0,2023,9,Sep,-116167000.0,-100.0
2023-09-01,Finance & Accounting,Training & Development,164,24600000.0,21477000.0,2023,9,Sep,-3123000.0,-12.695121951219512
2023-09-01,Finance & Accounting,Recruitment Cost,164,1309000.0,1373000.0,2023,9,Sep,64000.0,4.889228418640183
2023-09-01,Finance & Accounting,Other Employee Benefit,164,90200000.0,94845000.0,2023,9,Sep,4645000.0,5.1496674057649665
2023-10-01,Finance & Accounting,Basic Salary,164,1394000000.0,1388373000.0,2023,10,Oct,-5627000.0,-0.4036585365853659
2023-10-01,Finance & Accounting,Fixed Allowance,164,209100000.0,205106000.0,2023,10,Oct,-3994000.0,-1.9100908656145383
2023-10-01,Finance & Accounting,Variable Allowance/Incentive,164,69700000.0,72062000.0,2023,10,Oct,2362000.0,3.3888091822094695
2023-10-01,Finance & Accounting,Overtime,164,27880000.0,33630000.0,2023,10,Oct,5750000.0,20.62410329985653
2023-10-01,Finance & Accounting,BPJS (Kesehatan & Ketenagakerjaan),164,100033000.0,98432000.0,2023,10,Oct,-1601000.0,-1.600471844291384
2023-10-01,Finance & Accounting,THR & Bonus Tahunan,164,116167000.0,0.0,2023,10,Oct,-116167000.0,-100.0
2023-10-01,Finance & Accounting,Training & Development,164,24600000.0,24689000.0,2023,10,Oct,89000.0,0.36178861788617883
2023-10-01,Finance & Accounting,Recruitment Cost,164,1309000.0,2215000.0,2023,10,Oct,906000.0,69.2131398013751
2023-10-01,Finance & Accounting,Other Employee Benefit,164,90200000.0,89841000.0,2023,10,Oct,-359000.0,-0.3980044345898004
2023-11-01,Finance & Accounting,Basic Salary,164,1394000000.0,1379190000.0,2023,11,Nov,-14810000.0,-1.0624103299856529
2023-11-01,Finance & Accounting,Fixed Allowance,164,209100000.0,210891000.0,2023,11,Nov,1791000.0,0.8565279770444764
2023-11-01,Finance & Accounting,Variable Allowance/Incentive,164,69700000.0,68656000.0,2023,11,Nov,-1044000.0,-1.497847919655667
2023-11-01,Finance & Accounting,Overtime,164,27880000.0,30628000.0,2023,11,Nov,2748000.0,9.856527977044477
2023-11-01,Finance & Accounting,BPJS (Kesehatan & Ketenagakerjaan),164,100033000.0,101815000.0,2023,11,Nov,1782000.0,1.7814121339957814
2023-11-01,Finance & Accounting,THR & Bonus Tahunan,164,116167000.0,0.0,2023,11,Nov,-116167000.0,-100.0
2023-11-01,Finance & Accounting,Training & Development,164,24600000.0,34155000.0,2023,11,Nov,9555000.0,38.84146341463415
2023-11-01,Finance & Accounting,Recruitment Cost,164,1309000.0,1874000.0,2023,11,Nov,565000.0,43.162719633307866
2023-11-01,Finance & Accounting,Other Employee Benefit,164,90200000.0,91669000.0,2023,11,Nov,1469000.0,1.6286031042128601
2023-12-01,Finance & Accounting,Basic Salary,165,1402500000.0,1397547000.0,2023,12,Dec,-4953000.0,-0.35315508021390374
2023-12-01,Finance & Accounting,Fixed Allowance,165,210375000.0,211799000.0,2023,12,Dec,1424000.0,0.6768865121806298
2023-12-01,Finance & Accounting,Variable Allowance/Incentive,165,70125000.0,68468000.0,2023,12,Dec,-1657000.0,-2.362923351158645
2023-12-01,Finance & Accounting,Overtime,165,28050000.0,28523000.0,2023,12,Dec,473000.0,1.6862745098039214
2023-12-01,Finance & Accounting,BPJS (Kesehatan & Ketenagakerjaan),165,100643000.0,102633000.0,2023,12,Dec,1990000.0,1.9772860506940375
2023-12-01,Finance & Accounting,THR & Bonus Tahunan,165,116875000.0,619973000.0,2023,12,Dec,503098000.0,430.4581818181818
2023-12-01,Finance & Accounting,Training & Development,165,24750000.0,23623000.0,2023,12,Dec,-1127000.0,-4.553535353535353
2023-12-01,Finance & Accounting,Recruitment Cost,165,1317000.0,842000.0,2023,12,Dec,-475000.0,-36.0668185269552
2023-12-01,Finance & Accounting,Other Employee Benefit,165,90750000.0,90000000.0,2023,12,Dec,-750000.0,-0.8264462809917356
2024-01-01,Finance & Accounting,Basic Salary,166,1474495000.0,1473151000.0,2024,1,Jan,-1344000.0,-0.09114985130502307
2024-01-01,Finance & Accounting,Fixed Allowance,166,221174000.0,211265000.0,2024,1,Jan,-9909000.0,-4.480183023321005
2024-01-01,Finance & Accounting,Variable Allowance/Incentive,166,73725000.0,70785000.0,2024,1,Jan,-2940000.0,-3.987792472024415
2024-01-01,Finance & Accounting,Overtime,166,29490000.0,32417000.0,2024,1,Jan,2927000.0,9.925398440149204
2024-01-01,Finance & Accounting,BPJS (Kesehatan & Ketenagakerjaan),166,105810000.0,106676000.0,2024,1,Jan,866000.0,0.8184481617994519
2024-01-01,Finance & Accounting,THR & Bonus Tahunan,166,122875000.0,0.0,2024,1,Jan,-122875000.0,-100.0
2024-01-01,Finance & Accounting,Training & Development,166,24900000.0,34821000.0,2024,1,Jan,9921000.0,39.8433734939759
2024-01-01,Finance & Accounting,Recruitment Cost,166,1325000.0,1423000.0,2024,1,Jan,98000.0,7.39622641509434
2024-01-01,Finance & Accounting,Other Employee Benefit,166,91300000.0,89425000.0,2024,1,Jan,-1875000.0,-2.0536692223439212
2024-02-01,Finance & Accounting,Basic Salary,166,1474495000.0,1444568000.0,2024,2,Feb,-29927000.0,-2.0296440476230844
2024-02-01,Finance & Accounting,Fixed Allowance,166,221174000.0,224552000.0,2024,2,Feb,3378000.0,1.5273042943564794
2024-02-01,Finance & Accounting,Variable Allowance/Incentive,166,73725000.0,81139000.0,2024,2,Feb,7414000.0,10.05629026788742
2024-02-01,Finance & Accounting,Overtime,166,29490000.0,25012000.0,2024,2,Feb,-4478000.0,-15.184808409630381
2024-02-01,Finance & Accounting,BPJS (Kesehatan & Ketenagakerjaan),166,105810000.0,107784000.0,2024,2,Feb,1974000.0,1.865608165579813
2024-02-01,Finance & Accounting,THR & Bonus Tahunan,166,122875000.0,0.0,2024,2,Feb,-122875000.0,-100.0
2024-02-01,Finance & Accounting,Training & Development,166,24900000.0,24515000.0,2024,2,Feb,-385000.0,-1.5461847389558234
2024-02-01,Finance & Accounting,Recruitment Cost,166,1325000.0,2164000.0,2024,2,Feb,839000.0,63.32075471698113
2024-02-01,Finance & Accounting,Other Employee Benefit,166,91300000.0,91473000.0,2024,2,Feb,173000.0,0.18948521358159914
2024-03-01,Finance & Accounting,Basic Salary,166,1474495000.0,1479987000.0,2024,3,Mar,5492000.0,0.37246650548153776
2024-03-01,Finance & Accounting,Fixed Allowance,166,221174000.0,217679000.0,2024,3,Mar,-3495000.0,-1.5802038214256648
2024-03-01,Finance & Accounting,Variable Allowance/Incentive,166,73725000.0,80771000.0,2024,3,Mar,7046000.0,9.557138012885725
2024-03-01,Finance & Accounting,Overtime,166,29490000.0,26183000.0,2024,3,Mar,-3307000.0,-11.213970837572058
2024-03-01,Finance & Accounting,BPJS (Kesehatan & Ketenagakerjaan),166,105810000.0,105172000.0,2024,3,Mar,-638000.0,-0.6029675834042151
2024-03-01,Finance & Accounting,THR & Bonus Tahunan,166,122875000.0,0.0,2024,3,Mar,-122875000.0,-100.0
2024-03-01,Finance & Accounting,Training & Development,166,24900000.0,26858000.0,2024,3,Mar,1958000.0,7.863453815261044
2024-03-01,Finance & Accounting,Recruitment Cost,166,1325000.0,1446000.0,2024,3,Mar,121000.0,9.132075471698114
2024-03-01,Finance & Accounting,Other Employee Benefit,166,91300000.0,94849000.0,2024,3,Mar,3549000.0,3.8871851040525742
2024-04-01,Finance & Accounting,Basic Salary,167,1483378000.0,1498397000.0,2024,4,Apr,15019000.0,1.0124863655791039
2024-04-01,Finance & Accounting,Fixed Allowance,167,222507000.0,213891000.0,2024,4,Apr,-8616000.0,-3.8722377273523976
2024-04-01,Finance & Accounting,Variable Allowance/Incentive,167,74169000.0,74916000.0,2024,4,Apr,747000.0,1.0071593253245965
2024-04-01,Finance & Accounting,Overtime,167,29668000.0,32719000.0,2024,4,Apr,3051000.0,10.283807469327222
2024-04-01,Finance & Accounting,BPJS (Kesehatan & Ketenagakerjaan),167,106447000.0,104345000.0,2024,4,Apr,-2102000.0,-1.9746916305767188
2024-04-01,Finance & Accounting,THR & Bonus Tahunan,167,123615000.0,1515579000.0,2024,4,Apr,1391964000.0,1126.0478097318287
2024-04-01,Finance & Accounting,Training & Development,167,25050000.0,27558000.0,2024,4,Apr,2508000.0,10.011976047904191
2024-04-01,Finance & Accounting,Recruitment Cost,167,1333000.0,1162000.0,2024,4,Apr,-171000.0,-12.828207051762941
2024-04-01,Finance & Accounting,Other Employee Benefit,167,91850000.0,95681000.0,2024,4,Apr,3831000.0,4.170930865541644
2024-05-01,Finance & Accounting,Basic Salary,168,1492260000.0,1501965000.0,2024,5,May,9705000.0,0.65035583611435
2024-05-01,Finance & Accounting,Fixed Allowance,168,223839000.0,219513000.0,2024,5,May,-4326000.0,-1.9326390843418708
2024-05-01,Finance & Accounting,Variable Allowance/Incentive,168,74613000.0,75509000.0,2024,5,May,896000.0,1.2008631203677642
2024-05-01,Finance & Accounting,Overtime,168,29845000.0,24757000.0,2024,5,May,-5088000.0,-17.04808175573798
2024-05-01,Finance & Accounting,BPJS (Kesehatan & Ketenagakerjaan),168,107085000.0,103427000.0,2024,5,May,-3658000.0,-3.415977961432507
2024-05-01,Finance & Accounting,THR & Bonus Tahunan,168,124355000.0,0.0,2024,5,May,-124355000.0,-100.0
2024-05-01,Finance & Accounting,Training & Development,168,25200000.0,25732000.0,2024,5,May,532000.0,2.111111111111111
2024-05-01,Finance & Accounting,Recruitment Cost,168,1341000.0,2138000.0,2024,5,May,797000.0,59.43325876211782
2024-05-01,Finance & Accounting,Other Employee Benefit,168,92400000.0,93569000.0,2024,5,May,1169000.0,1.2651515151515151
2024-06-01,Finance & Accounting,Basic Salary,168,1492260000.0,1489462000.0,2024,6,Jun,-2798000.0,-0.18750083765563644
2024-06-01,Finance & Accounting,Fixed Allowance,168,223839000.0,219619000.0,2024,6,Jun,-4220000.0,-1.885283619029749
2024-06-01,Finance & Accounting,Variable Allowance/Incentive,168,74613000.0,73289000.0,2024,6,Jun,-1324000.0,-1.7744897001862947
2024-06-01,Finance & Accounting,Overtime,168,29845000.0,31104000.0,2024,6,Jun,1259000.0,4.218462053945384
2024-06-01,Finance & Accounting,BPJS (Kesehatan & Ketenagakerjaan),168,107085000.0,106385000.0,2024,6,Jun,-700000.0,-0.6536863239482654
2024-06-01,Finance & Accounting,THR & Bonus Tahunan,168,124355000.0,0.0,2024,6,Jun,-124355000.0,-100.0
2024-06-01,Finance & Accounting,Training & Development,168,25200000.0,28037000.0,2024,6,Jun,2837000.0,11.257936507936508
2024-06-01,Finance & Accounting,Recruitment Cost,168,1341000.0,1759000.0,2024,6,Jun,418000.0,31.17076808351976
2024-06-01,Finance & Accounting,Other Employee Benefit,168,92400000.0,93864000.0,2024,6,Jun,1464000.0,1.5844155844155845
2024-07-01,Finance & Accounting,Basic Salary,169,1501142000.0,1493235000.0,2024,7,Jul,-7907000.0,-0.5267323144645876
2024-07-01,Finance & Accounting,Fixed Allowance,169,225171000.0,228141000.0,2024,7,Jul,2970000.0,1.3189975618529919
2024-07-01,Finance & Accounting,Variable Allowance/Incentive,169,75057000.0,72736000.0,2024,7,Jul,-2321000.0,-3.092316506122014
2024-07-01,Finance & Accounting,Overtime,169,30023000.0,31042000.0,2024,7,Jul,1019000.0,3.394064550511275
2024-07-01,Finance & Accounting,BPJS (Kesehatan & Ketenagakerjaan),169,107722000.0,106679000.0,2024,7,Jul,-1043000.0,-0.968233044317781
2024-07-01,Finance & Accounting,THR & Bonus Tahunan,169,125095000.0,0.0,2024,7,Jul,-125095000.0,-100.0
2024-07-01,Finance & Accounting,Training & Development,169,25350000.0,35019000.0,2024,7,Jul,9669000.0,38.142011834319526
2024-07-01,Finance & Accounting,Recruitment Cost,169,1349000.0,1725000.0,2024,7,Jul,376000.0,27.87249814677539
2024-07-01,Finance & Accounting,Other Employee Benefit,169,92950000.0,84189000.0,2024,7,Jul,-8761000.0,-9.425497579343734
2024-08-01,Finance & Accounting,Basic Salary,169,1501142000.0,1477028000.0,2024,8,Aug,-24114000.0,-1.6063770116351417
2024-08-01,Finance & Accounting,Fixed Allowance,169,225171000.0,228681000.0,2024,8,Aug,3510000.0,1.5588153003717176
2024-08-01,Finance & Accounting,Variable Allowance/Incentive,169,75057000.0,81363000.0,2024,8,Aug,6306000.0,8.401614772772694
2024-08-01,Finance & Accounting,Overtime,169,30023000.0,27429000.0,2024,8,Aug,-2594000.0,-8.640042633980615
2024-08-01,Finance & Accounting,BPJS (Kesehatan & Ketenagakerjaan),169,107722000.0,108414000.0,2024,8,Aug,692000.0,0.6423943112827463
2024-08-01,Finance & Accounting,THR & Bonus Tahunan,169,125095000.0,0.0,2024,8,Aug,-125095000.0,-100.0
2024-08-01,Finance & Accounting,Training & Development,169,25350000.0,28769000.0,2024,8,Aug,3419000.0,13.487179487179487
2024-08-01,Finance & Accounting,Recruitment Cost,169,1349000.0,2067000.0,2024,8,Aug,718000.0,53.22461082283173
2024-08-01,Finance & Accounting,Other Employee Benefit,169,92950000.0,93947000.0,2024,8,Aug,997000.0,1.0726196880043033
2024-09-01,Finance & Accounting,Basic Salary,170,1510025000.0,1500220000.0,2024,9,Sep,-9805000.0,-0.6493269978973858
2024-09-01,Finance & Accounting,Fixed Allowance,170,226504000.0,226880000.0,2024,9,Sep,376000.0,0.1660014834175114
2024-09-01,Finance & Accounting,Variable Allowance/Incentive,170,75501000.0,72680000.0,2024,9,Sep,-2821000.0,-3.736374352657581
2024-09-01,Finance & Accounting,Overtime,170,30200000.0,27984000.0,2024,9,Sep,-2216000.0,-7.33774834437086
2024-09-01,Finance & Accounting,BPJS (Kesehatan & Ketenagakerjaan),170,108359000.0,108418000.0,2024,9,Sep,59000.0,0.0544486383226128
2024-09-01,Finance & Accounting,THR & Bonus Tahunan,170,125835000.0,0.0,2024,9,Sep,-125835000.0,-100.0
2024-09-01,Finance & Accounting,Training & Development,170,25500000.0,26829000.0,2024,9,Sep,1329000.0,5.211764705882353
2024-09-01,Finance & Accounting,Recruitment Cost,170,1357000.0,2190000.0,2024,9,Sep,833000.0,61.385408990420046
2024-09-01,Finance & Accounting,Other Employee Benefit,170,93500000.0,94740000.0,2024,9,Sep,1240000.0,1.3262032085561497
2024-10-01,Finance & Accounting,Basic Salary,170,1510025000.0,1519890000.0,2024,10,Oct,9865000.0,0.6533004420456615
2024-10-01,Finance & Accounting,Fixed Allowance,170,226504000.0,238678000.0,2024,10,Oct,12174000.0,5.374739518948893
2024-10-01,Finance & Accounting,Variable Allowance/Incentive,170,75501000.0,64568000.0,2024,10,Oct,-10933000.0,-14.480602905921778
2024-10-01,Finance & Accounting,Overtime,170,30200000.0,28123000.0,2024,10,Oct,-2077000.0,-6.877483443708609
2024-10-01,Finance & Accounting,BPJS (Kesehatan & Ketenagakerjaan),170,108359000.0,110755000.0,2024,10,Oct,2396000.0,2.211168430864072
2024-10-01,Finance & Accounting,THR & Bonus Tahunan,170,125835000.0,0.0,2024,10,Oct,-125835000.0,-100.0
2024-10-01,Finance & Accounting,Training & Development,170,25500000.0,24154000.0,2024,10,Oct,-1346000.0,-5.2784313725490195
2024-10-01,Finance & Accounting,Recruitment Cost,170,1357000.0,2072000.0,2024,10,Oct,715000.0,52.68975681650701
2024-10-01,Finance & Accounting,Other Employee Benefit,170,93500000.0,94575000.0,2024,10,Oct,1075000.0,1.1497326203208555
2024-11-01,Finance & Accounting,Basic Salary,172,1527790000.0,1510785000.0,2024,11,Nov,-17005000.0,-1.1130456410894167
2024-11-01,Finance & Accounting,Fixed Allowance,172,229168000.0,234768000.0,2024,11,Nov,5600000.0,2.443622146198422
2024-11-01,Finance & Accounting,Variable Allowance/Incentive,172,76390000.0,87081000.0,2024,11,Nov,10691000.0,13.995287341275036
2024-11-01,Finance & Accounting,Overtime,172,30556000.0,27456000.0,2024,11,Nov,-3100000.0,-10.145306977353057
2024-11-01,Finance & Accounting,BPJS (Kesehatan & Ketenagakerjaan),172,109634000.0,110922000.0,2024,11,Nov,1288000.0,1.1748180309028222
2024-11-01,Finance & Accounting,THR & Bonus Tahunan,172,127316000.0,0.0,2024,11,Nov,-127316000.0,-100.0
2024-11-01,Finance & Accounting,Training & Development,172,25800000.0,22064000.0,2024,11,Nov,-3736000.0,-14.480620155038759
2024-11-01,Finance & Accounting,Recruitment Cost,172,1373000.0,1730000.0,2024,11,Nov,357000.0,26.00145666423889
2024-11-01,Finance & Accounting,Other Employee Benefit,172,94600000.0,93386000.0,2024,11,Nov,-1214000.0,-1.2832980972515857
2024-12-01,Finance & Accounting,Basic Salary,171,1518908000.0,1525351000.0,2024,12,Dec,6443000.0,0.42418632333228873
2024-12-01,Finance & Accounting,Fixed Allowance,171,227836000.0,228489000.0,2024,12,Dec,653000.0,0.28660966660229287
2024-12-01,Finance & Accounting,Variable Allowance/Incentive,171,75945000.0,84932000.0,2024,12,Dec,8987000.0,11.83356376324972
2024-12-01,Finance & Accounting,Overtime,171,30378000.0,32235000.0,2024,12,Dec,1857000.0,6.112976496148528
2024-12-01,Finance & Accounting,BPJS (Kesehatan & Ketenagakerjaan),171,108997000.0,112742000.0,2024,12,Dec,3745000.0,3.435874381863721
2024-12-01,Finance & Accounting,THR & Bonus Tahunan,171,126576000.0,477220000.0,2024,12,Dec,350644000.0,277.0225003160157
2024-12-01,Finance & Accounting,Training & Development,171,25650000.0,26062000.0,2024,12,Dec,412000.0,1.6062378167641327
2024-12-01,Finance & Accounting,Recruitment Cost,171,1365000.0,1390000.0,2024,12,Dec,25000.0,1.8315018315018317
2024-12-01,Finance & Accounting,Other Employee Benefit,171,94050000.0,87843000.0,2024,12,Dec,-6207000.0,-6.5996810207336525
